Lon	Lat	h	gravity disturbance(mGal)
10	44.083333	124.92078	34.94795698522
10	44.166667	192.24263	40.12743494108
10	44.25	168.15096	-8.161106958049
10	44.333333	610.11018	25.26315726499
10	44.416667	1131.2764	41.97758805393
10	44.5	962.31222	17.21489764339
10	44.583333	584.80354	-55.03665820648
10	44.666667	346.71608	-93.06135403904
10	44.75	375.72955	-97.98076239065
10	44.833333	165.09948	-120.1787534949
10	44.916667	52.186976	-136.8591835904
10	45	48.514794	-132.5497759876
10.083333	42.583333	27.312759	39.71492071226
10.083333	44.083333	375.43657	60.73969443925
10.083333	44.166667	420.34352	55.15447862301
10.083333	44.25	310.72804	-1.028437701578
10.083333	44.333333	1066.7501	63.7181828635
10.083333	44.416667	1260.223	50.58156775206
10.083333	44.5	896.43332	0.8244317410089
10.083333	44.583333	732.79537	-48.79419701656
10.083333	44.666667	276.96562	-106.3320209553
10.083333	44.75	193.98321	-122.7709489164
10.083333	44.833333	93.154835	-133.9144701738
10.083333	44.916667	13.143707	-135.8814229453
10.083333	45	56.486603	-129.1242525546
10.166667	42.75	221.03636	77.10701478256
10.166667	44	4.5845597	28.02988450856
10.166667	44.083333	816.12595	102.7015481249
10.166667	44.166667	716.9735	75.77786727886
10.166667	44.25	676.85043	32.78174997323
10.166667	44.333333	1207.9039	65.01918078943
10.166667	44.416667	978.73017	11.66791307678
10.166667	44.5	758.66304	-37.04940874734
10.166667	44.583333	722.52608	-58.98127925992
10.166667	44.666667	269.75328	-112.6728548083
10.166667	44.75	123.11481	-132.30043524
10.166667	44.833333	83.219338	-128.9341449146
10.166667	44.916667	42.715184	-137.2885076654
10.166667	45	29.884336	-130.448848901
10.25	42.75	133.31243	66.68081413927
10.25	43.916667	18.234746	29.22568226804
10.25	44	510.80435	84.18445963123
10.25	44.083333	1136.2747	122.1314236547
10.25	44.166667	784.46049	73.01292501225
10.25	44.25	1091.737	73.32095174366
10.25	44.333333	1227.8614	57.66517621772
10.25	44.416667	779.09957	-20.93149976243
10.25	44.5	686.70775	-54.64370981194
10.25	44.583333	500.19614	-85.74187008712
10.25	44.666667	271.56415	-117.7415748087
10.25	44.75	120.45387	-134.1807397823
10.25	44.833333	42.960813	-127.8989912914
10.25	44.916667	42.207154	-142.2963466776
10.25	45	19.719267	-130.1952278277
10.333333	43.5	82.118392	62.63048178727
10.333333	43.583333	34.365354	34.54568825099
10.333333	43.666667	0	18.67121414865
10.333333	43.75	0	24.28248690407
10.333333	43.833333	0	37.05458059233
10.333333	43.916667	273.45686	66.24582864703
10.333333	44	867.84815	108.3547782271
10.333333	44.083333	865.52258	88.05915601009
10.333333	44.166667	662.3753	45.85578544702
10.333333	44.25	1393.8408	94.3405079509
10.333333	44.333333	1159.5219	43.41396527323
10.333333	44.416667	658.62024	-44.08571156294
10.333333	44.5	577.43681	-69.88305071136
10.333333	44.583333	271.22256	-120.8199649403
10.333333	44.666667	219.69639	-124.3091062186
10.333333	44.75	67.396535	-143.6947743899
10.333333	44.833333	26.126269	-138.4305352866
10.333333	44.916667	12.662792	-140.4457070976
10.333333	45	41.180891	-119.4921882984
10.416667	42.833333	53.172074	54.55304157458
10.416667	43.416667	56.880482	54.97438818232
10.416667	43.5	146.3742	66.94840221382
10.416667	43.583333	73.245879	46.04602903928
10.416667	43.666667	0	26.67076302174
10.416667	43.75	101.09085	51.00677817307
10.416667	43.833333	65.432006	48.76118315327
10.416667	43.916667	359.8879	67.28118388892
10.416667	44	653.10335	75.50631125319
10.416667	44.083333	411.88751	27.68673648088
10.416667	44.166667	782.64924	44.52678645244
10.416667	44.25	1475.2628	87.68598959215
10.416667	44.333333	976.80802	14.05812595383
10.416667	44.416667	595.00002	-65.16028924892
10.416667	44.5	577.09004	-79.50834944559
10.416667	44.583333	298.5285	-126.9252752502
10.416667	44.666667	179.65039	-124.1963321931
10.416667	44.75	20.678411	-145.4632479575
10.416667	44.833333	85.860938	-136.7009394414
10.416667	44.916667	3.2832793	-134.3651527312
10.416667	45	42.405541	-111.0123898327
10.5	43.333333	18.92743	38.90660969326
10.5	43.416667	116.25228	56.68370088241
10.5	43.5	107.21801	54.4886393822
10.5	43.583333	31.630874	46.40499556334
10.5	43.666667	13.069494	39.93787690781
10.5	43.75	253.19451	78.45891881733
10.5	43.833333	55.49986	50.22919735058
10.5	43.916667	227.49198	51.69992525964
10.5	44	403.26968	43.25905808056
10.5	44.083333	523.92278	29.97952744153
10.5	44.166667	1182.8375	78.42506500602
10.5	44.25	1283.9572	61.68573404199
10.5	44.333333	797.18377	-11.55242851194
10.5	44.416667	574.90526	-70.52079011753
10.5	44.5	618.94527	-76.64790489645
10.5	44.583333	373.08319	-112.8667453051
10.5	44.666667	130.7313	-130.1209750833
10.5	44.75	12.070485	-144.1930604647
10.5	44.833333	68.151291	-130.1340714445
10.5	44.916667	0	-132.1243646901
10.5	45	27.509187	-108.6250400634
10.583333	43	26.064857	52.80972176305
10.583333	43.083333	101.50547	55.32833495838
10.583333	43.166667	125.80419	63.83432331631
10.583333	43.25	45.96739	49.58775251982
10.583333	43.333333	90.11343	47.81674132968
10.583333	43.416667	307.55837	83.14657967308
10.583333	43.5	198.13189	65.14162963125
10.583333	43.583333	41.760558	47.56754399686
10.583333	43.666667	11.406915	44.52655785148
10.583333	43.75	253.85073	75.27853863234
10.583333	43.833333	17.003882	35.50171627342
10.583333	43.916667	283.47608	54.11883748003
10.583333	44	500.16916	53.32646441758
10.583333	44.083333	901.05396	66.70395690662
10.583333	44.166667	1431.7955	100.3506701998
10.583333	44.25	1048.5635	32.78994864839
10.583333	44.333333	777.50905	-19.33980801407
10.583333	44.416667	480.21516	-81.74436603223
10.583333	44.5	473.4535	-95.6586510874
10.583333	44.583333	276.32296	-118.6860211043
10.583333	44.666667	70.758903	-140.8919020276
10.583333	44.75	42.941795	-141.425122183
10.583333	44.833333	1.1028065	-127.9899465372
10.583333	44.916667	11.129506	-123.5978560398
10.583333	45	40.290631	-99.56885981133
10.666667	43	25.20003	49.66675397089
10.666667	43.083333	159.64076	63.85271991558
10.666667	43.166667	265.7756	72.98116905741
10.666667	43.25	190.03811	62.64611220139
10.666667	43.333333	153.40977	59.50182722376
10.666667	43.416667	377.93204	90.18936406893
10.666667	43.5	216.74712	66.19655795426
10.666667	43.583333	73.122996	45.5058822066
10.666667	43.666667	11.675294	41.75404763167
10.666667	43.75	105.54491	47.12623101746
10.666667	43.833333	0	17.78854214152
10.666667	43.916667	455.49657	64.73905142386
10.666667	44	635.87576	66.92908997046
10.666667	44.083333	1004.6409	79.36621051101
10.666667	44.166667	1448.4914	98.20161668195
10.666667	44.25	996.14907	20.18794910974
10.666667	44.333333	888.85483	-15.58768711938
10.666667	44.416667	453.67893	-88.32982415008
10.666667	44.5	322.89275	-116.9070248018
10.666667	44.583333	172.4304	-131.1571260326
10.666667	44.666667	56.827312	-135.910616312
10.666667	44.75	57.673348	-130.233254059
10.666667	44.833333	10.028986	-121.3643534294
10.666667	44.916667	33.410953	-110.8626365101
10.666667	45	31.693572	-91.32908158218
10.75	43	98.220692	53.71886594698
10.75	43.083333	152.00217	58.48276251434
10.75	43.166667	238.51268	59.42148358606
10.75	43.25	301.21421	69.80464290773
10.75	43.333333	147.45929	56.86343866511
10.75	43.416667	205.39827	55.73597344846
10.75	43.5	57.054579	39.29418445612
10.75	43.583333	82.698211	42.17465288168
10.75	43.666667	44.158083	39.75827764542
10.75	43.75	3.3824934	24.45224699112
10.75	43.833333	0	15.83432611252
10.75	43.916667	408.84216	60.44095320554
10.75	44	663.74468	67.74739044708
10.75	44.083333	1038.1182	81.61332782031
10.75	44.166667	1360.8505	82.83318698261
10.75	44.25	857.76972	3.759200586018
10.75	44.333333	801.58327	-27.61800201121
10.75	44.416667	555.82498	-75.89028979922
10.75	44.5	307.76773	-108.76710479
10.75	44.583333	105.05106	-135.0255918453
10.75	44.666667	60.534747	-129.5925757601
10.75	44.75	4.7463034	-125.9656282885
10.75	44.833333	40.780954	-108.2965116639
10.75	44.916667	6.5867697	-101.0774502516
10.75	45	7.3242324	-89.08934370915
10.833333	42.833333	168.74656	69.8706002968
10.833333	42.916667	117.06718	63.76781630735
10.833333	43	141.86759	59.38591873278
10.833333	43.083333	209.99474	64.52960445369
10.833333	43.166667	360.56355	69.85471993577
10.833333	43.25	393.24737	73.85452628768
10.833333	43.333333	126.80216	46.30136999673
10.833333	43.416667	181.44207	46.60406915953
10.833333	43.5	125.10469	51.40323491304
10.833333	43.583333	183.89116	55.8597900179
10.833333	43.666667	69.920437	34.92480377698
10.833333	43.75	60.742019	20.18359954015
10.833333	43.833333	69.635266	26.97795230429
10.833333	43.916667	196.95035	34.55667802665
10.833333	44	662.7921	63.65757202129
10.833333	44.083333	1105.4108	84.8053104141
10.833333	44.166667	1097.324	56.39273667697
10.833333	44.25	591.32445	-27.32082066164
10.833333	44.333333	548.80121	-59.23354792667
10.833333	44.416667	566.32494	-77.40658090203
10.833333	44.5	281.81703	-108.2234914923
10.833333	44.583333	26.841376	-140.4296808071
10.833333	44.666667	74.206476	-128.5671790184
10.833333	44.75	0	-126.0592200717
10.833333	44.833333	53.301331	-91.81155233033
10.833333	44.916667	0	-86.53555623503
10.833333	45	39.091951	-77.50830491684
10.916667	42.333333	4.3184618	66.42710486418
10.916667	42.833333	208.3115	68.19171788166
10.916667	42.916667	146.55458	58.1928741374
10.916667	43	136.90986	54.71591100239
10.916667	43.083333	458.10589	81.60394977388
10.916667	43.166667	645.65421	94.4669564177
10.916667	43.25	408.74812	72.73297344739
10.916667	43.333333	169.54428	49.51490701668
10.916667	43.416667	400.81766	83.72770679177
10.916667	43.5	331.33672	85.56012495884
10.916667	43.583333	198.55628	58.65932289471
10.916667	43.666667	12.136132	21.790909069
10.916667	43.75	93.675253	26.78271388454
10.916667	43.833333	197.22357	35.75922538843
10.916667	43.916667	32.243599	7.492581868362
10.916667	44	643.65078	59.76441120801
10.916667	44.083333	1014.739	76.17107311439
10.916667	44.166667	752.84934	22.05019746224
10.916667	44.25	596.30684	-32.33496636277
10.916667	44.333333	544.68158	-61.2813326299
10.916667	44.416667	414.92125	-91.24404683707
10.916667	44.5	191.02387	-121.2883020569
10.916667	44.583333	17.60091	-135.589033067
10.916667	44.666667	71.24948	-120.7358824461
10.916667	44.75	10.470821	-117.7384283492
10.916667	44.833333	48.887166	-81.1892952802
10.916667	44.916667	0	-73.30088777238
10.916667	45	53.335869	-61.98709477712
11	42.75	0	43.89475760576
11	42.833333	36.538043	52.24213985571
11	42.916667	20.544916	43.5370920119
11	43	160.64243	55.75794839849
11	43.083333	578.9512	87.37061553798
11	43.166667	592.17548	89.5494677156
11	43.25	328.16465	68.73581032156
11	43.333333	255.0506	64.73772978133
11	43.416667	402.75369	89.69897627225
11	43.5	249.13026	72.10104823816
11	43.583333	86.370826	41.52482490056
11	43.666667	62.575161	24.42950257713
11	43.75	100.58084	37.11235832764
11	43.833333	128.6919	30.793213792
11	43.916667	56.586583	6.898643465902
11	44	675.82726	61.31855789278
11	44.083333	878.69565	60.19840050353
11	44.166667	550.46981	-3.829033818903
11	44.25	680.79861	-22.49222580026
11	44.333333	682.64559	-42.39072193091
11	44.416667	291.81561	-95.41511020821
11	44.5	109.68746	-122.6960280338
11	44.583333	56.272946	-124.4555424007
11	44.666667	16.649407	-120.1681279138
11	44.75	14.516376	-109.797022988
11	44.833333	19.599788	-77.36066635946
11	44.916667	4.5080376	-63.89906726625
11	45	10.831356	-55.16974328241
11.083333	42.666667	45.951374	54.65085554288
11.083333	42.75	0	43.94211751162
11.083333	42.833333	34.317957	52.87587902973
11.083333	42.916667	50.489603	49.82294031137
11.083333	43	245.08381	68.85394213203
11.083333	43.083333	503.70633	87.10178539548
11.083333	43.166667	373.71978	71.03696490685
11.083333	43.25	371.17718	73.07693552754
11.083333	43.333333	333.75043	74.2895501963
11.083333	43.416667	162.78398	56.06817259771
11.083333	43.5	135.96201	45.37676549408
11.083333	43.583333	140.02235	43.13717191433
11.083333	43.666667	240.4665	42.83253582393
11.083333	43.75	142.3632	36.26360065745
11.083333	43.833333	33.901875	13.92772918951
11.083333	43.916667	223.1307	24.52456059618
11.083333	44	665.73801	57.18707693116
11.083333	44.083333	815.0491	50.87659308121
11.083333	44.166667	549.47238	-5.694214479846
11.083333	44.25	477.84523	-38.32565374591
11.083333	44.333333	594.09956	-53.0744720443
11.083333	44.416667	326.18276	-94.76453563888
11.083333	44.5	87.58093	-119.1035037087
11.083333	44.583333	57.214147	-122.1714386187
11.083333	44.666667	0	-122.5373436487
11.083333	44.75	33.375694	-98.99134060731
11.083333	44.833333	0.26284303	-67.65336176571
11.083333	44.916667	33.493338	-47.37017704901
11.083333	45	0	-49.38159101417
11.166667	42.416667	93.205315	56.09764153292
11.166667	42.583333	15.92571	48.24000731141
11.166667	42.666667	117.48306	64.36222905286
11.166667	42.75	36.670183	49.09985479848
11.166667	42.833333	131.54944	60.45296936836
11.166667	42.916667	168.98743	61.59193736188
11.166667	43	272.1018	67.98507374537
11.166667	43.083333	438.54818	81.00968413753
11.166667	43.166667	341.61294	66.98914158569
11.166667	43.25	412.07163	74.94184040997
11.166667	43.333333	366.36252	77.73920084269
11.166667	43.416667	149.47372	50.30571556262
11.166667	43.5	261.18559	56.25438961445
11.166667	43.583333	243.32295	49.41422488152
11.166667	43.666667	203.01704	40.4952184228
11.166667	43.75	67.373893	21.74431759254
11.166667	43.833333	52.34441	11.75698161227
11.166667	43.916667	355.55696	41.02121730067
11.166667	44	463.53356	33.35879995046
11.166667	44.083333	742.4672	44.39107762817
11.166667	44.166667	733.15044	15.8093882737
11.166667	44.25	364.67327	-51.73703677155
11.166667	44.333333	377.59054	-77.88289563422
11.166667	44.416667	347.0745	-92.54665086118
11.166667	44.5	82.876979	-117.1670213614
11.166667	44.583333	29.187575	-117.930020205
11.166667	44.666667	14.959524	-109.1129534322
11.166667	44.75	43.115649	-82.56118119014
11.166667	44.833333	0	-57.19521639236
11.166667	44.916667	30.346821	-34.31993160508
11.166667	45	0	-40.14835470247
11.25	42.5	59.530075	52.06048928823
11.25	42.583333	65.014102	50.05291763371
11.25	42.666667	252.35047	74.24399668476
11.25	42.75	88.929848	55.88527117357
11.25	42.833333	85.816903	54.84359274313
11.25	42.916667	144.60206	58.35094329729
11.25	43	196.44784	56.23429007233
11.25	43.083333	347.6591	69.09510238611
11.25	43.166667	311.12727	68.5070100003
11.25	43.25	259.58868	64.54569826015
11.25	43.333333	336.81962	75.7741522051
11.25	43.416667	333.90311	70.73514557572
11.25	43.5	363.28375	71.70139783366
11.25	43.583333	302.90891	51.97092986275
11.25	43.666667	193.75863	39.7850257011
11.25	43.75	66.43998	19.52752174716
11.25	43.833333	247.65507	33.99916289286
11.25	43.916667	452.89621	49.11561220364
11.25	44	280.31709	6.190954407792
11.25	44.083333	687.90728	35.17329251661
11.25	44.166667	888.00637	31.64587855178
11.25	44.25	571.89861	-34.23679150156
11.25	44.333333	293.49199	-84.9001426257
11.25	44.416667	236.40597	-93.62853189518
11.25	44.5	67.936836	-114.817815999
11.25	44.583333	22.589408	-109.6706118407
11.25	44.666667	13.520642	-97.57302013558
11.25	44.75	7.4595129	-71.89015190594
11.25	44.833333	1.0380867	-48.90988976491
11.25	44.916667	4.1120629	-29.3170964019
11.25	45	0	-28.18771612585
11.333333	42.416667	16.676727	50.12226216632
11.333333	42.5	86.927669	52.69232209884
11.333333	42.583333	19.647382	48.5437935291
11.333333	42.666667	346.3707	79.54520042883
11.333333	42.75	305.29951	72.71100507964
11.333333	42.833333	156.4155	52.67698189364
11.333333	42.916667	112.6228	46.0466237671
11.333333	43	173.67801	55.38767749478
11.333333	43.083333	266.22466	64.64146394141
11.333333	43.166667	259.09818	66.28524083236
11.333333	43.25	199.35961	55.05209475114
11.333333	43.333333	267.04083	63.39574479206
11.333333	43.416667	390.65983	74.5771093225
11.333333	43.5	449.16217	82.11145158992
11.333333	43.583333	483.89311	73.49232331499
11.333333	43.666667	386.93368	56.64193976749
11.333333	43.75	186.16971	23.19293016342
11.333333	43.833333	420.03032	44.57001000677
11.333333	43.916667	466.85905	38.66407303992
11.333333	44	294.41153	3.29118372342
11.333333	44.083333	712.04679	31.78959209862
11.333333	44.166667	767.51368	21.69874332942
11.333333	44.25	674.06212	-22.10895652492
11.333333	44.333333	332.97728	-82.16317634417
11.333333	44.416667	177.45652	-99.40978254992
11.333333	44.5	71.954929	-111.7509458526
11.333333	44.583333	32.104431	-102.2071601215
11.333333	44.666667	12.910001	-90.75164833732
11.333333	44.75	2.4956446	-60.32913151905
11.333333	44.833333	25.332593	-33.83855271313
11.333333	44.916667	7.0201407	-18.5735010561
11.333333	45	6.7989875	-15.51408783165
11.416667	42.416667	20.682672	53.90087908506
11.416667	42.5	130.94587	58.77972667658
11.416667	42.583333	55.974626	51.23954798041
11.416667	42.666667	287.49744	69.65919103781
11.416667	42.75	461.23937	80.1175378184
11.416667	42.833333	418.27485	70.32516273267
11.416667	42.916667	192.85492	46.59031368899
11.416667	43	220.95692	60.82190297541
11.416667	43.083333	272.46246	65.38296715242
11.416667	43.166667	208.00489	54.93499598579
11.416667	43.25	246.52742	52.1198300893
11.416667	43.333333	213.03014	54.26536427944
11.416667	43.416667	410.54859	75.432834746
11.416667	43.5	586.26058	86.73654524181
11.416667	43.583333	420.36018	62.65251795199
11.416667	43.666667	276.30303	37.5659820234
11.416667	43.75	173.77864	13.40861949792
11.416667	43.833333	354.72964	32.21024104274
11.416667	43.916667	326.55037	12.42693660135
11.416667	44	419.30323	17.27407047483
11.416667	44.083333	780.93943	37.77100880402
11.416667	44.166667	572.60437	2.447492895286
11.416667	44.25	528.608	-28.4859517043
11.416667	44.333333	330.03729	-77.73502578772
11.416667	44.416667	199.84761	-95.82082627499
11.416667	44.5	47.177985	-106.8975822632
11.416667	44.583333	18.812249	-92.83812131251
11.416667	44.666667	11.104094	-73.03628729325
11.416667	44.75	22.119657	-44.66950130482
11.416667	44.833333	6.2962574	-24.26362702579
11.416667	44.916667	9.963206	-6.39980122763
11.416667	45	0.48705352	-10.0945686702
11.5	42.416667	23.988754	54.31320840561
11.5	42.5	229.99646	68.89723180006
11.5	42.583333	237.09202	62.79013714963
11.5	42.666667	218.08362	58.13247357072
11.5	42.75	478.24009	75.89085662385
11.5	42.833333	753.40902	100.7867257918
11.5	42.916667	461.9868	77.22538847723
11.5	43	278.58036	65.82112402445
11.5	43.083333	308.79978	66.10466903787
11.5	43.166667	134.18948	44.53615272837
11.5	43.25	212.82988	51.74863842736
11.5	43.333333	254.36553	58.22851427784
11.5	43.416667	470.25853	78.84571500636
11.5	43.5	446.32346	63.20447707164
11.5	43.583333	71.818062	8.159376508132
11.5	43.666667	260.72871	25.79462983672
11.5	43.75	432.84054	39.45950892152
11.5	43.833333	398.51634	31.76596963907
11.5	43.916667	311.49179	3.46412149046
11.5	44	621.78684	32.51620279272
11.5	44.083333	795.23589	39.09627263337
11.5	44.166667	542.85065	-2.900883589874
11.5	44.25	405.1624	-40.42087988676
11.5	44.333333	238.40901	-79.78137238833
11.5	44.416667	161.62197	-92.89738808782
11.5	44.5	0	-105.4634155258
11.5	44.583333	25.289705	-85.74202208713
11.5	44.666667	0	-57.45182316623
11.5	44.75	23.841107	-33.86815660704
11.5	44.833333	0	-20.48580207923
11.5	44.916667	15.848268	2.960861957746
11.5	45	0	-5.446558792244
11.583333	42.333333	28.987183	52.81861035709
11.583333	42.416667	52.587679	50.36183802751
11.583333	42.5	200.63208	66.05383138307
11.583333	42.583333	240.98646	62.10410945009
11.583333	42.666667	272.56677	64.21874150284
11.583333	42.75	564.34717	81.59352469939
11.583333	42.833333	990.56893	117.7471963073
11.583333	42.916667	803.8759	103.5108953888
11.583333	43	333.39559	65.05569262654
11.583333	43.083333	348.94986	70.09754903411
11.583333	43.166667	251.54062	57.91313858285
11.583333	43.25	277.6454	61.49067497212
11.583333	43.333333	349.50006	64.40519414674
11.583333	43.416667	436.79743	71.55129011664
11.583333	43.5	175.74215	35.25029518414
11.583333	43.583333	215.19271	24.14153523702
11.583333	43.666667	883.55381	89.17797310932
11.583333	43.75	923.12307	85.30383321599
11.583333	43.833333	682.28363	51.53641256115
11.583333	43.916667	581.20785	31.19603094319
11.583333	44	816.5393	43.77947773815
11.583333	44.083333	667.81058	23.63101349001
11.583333	44.166667	517.05342	-6.469760777428
11.583333	44.25	338.15467	-51.58489760237
11.583333	44.333333	152.60424	-90.58982433796
11.583333	44.416667	99.796763	-99.76115833794
11.583333	44.5	0	-100.8881143115
11.583333	44.583333	56.115786	-76.0066397266
11.583333	44.666667	0	-51.06994336046
11.583333	44.75	28.848955	-23.23796533883
11.583333	44.833333	0	-6.723496261962
11.583333	44.916667	28.029409	9.200337068904
11.583333	45	0.48246291	3.854260163649
11.666667	42.333333	30.299091	51.77016380973
11.666667	42.416667	90.213971	48.35461648192
11.666667	42.5	204.98918	60.35699831788
11.666667	42.583333	231.2925	57.40948014257
11.666667	42.666667	405.37681	77.04697036157
11.666667	42.75	566.0209	85.34499950859
11.666667	42.833333	772.04816	96.26217420848
11.666667	42.916667	799.12214	91.51636465106
11.666667	43	356.48144	59.05642008983
11.666667	43.083333	373.8829	74.46803564779
11.666667	43.166667	418.18582	75.05675590025
11.666667	43.25	388.82987	71.85289856153
11.666667	43.333333	361.86077	67.57877596062
11.666667	43.416667	398.46975	66.04349187853
11.666667	43.5	205.79811	37.88800021596
11.666667	43.583333	674.78395	78.384995828
11.666667	43.666667	1133.8774	112.3266120564
11.666667	43.75	784.27782	70.98511115835
11.666667	43.833333	884.95811	64.51748309999
11.666667	43.916667	888.0521	60.38102077497
11.666667	44	838.02371	42.0174301313
11.666667	44.083333	515.45504	0.5722919770079
11.666667	44.166667	420.63127	-20.83205304508
11.666667	44.25	229.39524	-64.27535733309
11.666667	44.333333	101.72112	-95.95583944968
11.666667	44.416667	56.542852	-100.8748675522
11.666667	44.5	0	-88.77038157742
11.666667	44.583333	31.451169	-63.19024878536
11.666667	44.666667	0	-43.6297320098
11.666667	44.75	24.524152	-15.51340201722
11.666667	44.833333	0	0.9599240394564
11.666667	44.916667	16.302009	3.995155852365
11.666667	45	0	6.052832259051
11.75	42.166667	7.3904088	50.19410521907
11.75	42.25	31.342702	48.99551516786
11.75	42.333333	93.725469	55.71314467012
11.75	42.416667	131.29624	49.83030208745
11.75	42.5	351.10766	69.41430791212
11.75	42.583333	416.96749	69.95287833167
11.75	42.666667	501.02662	79.03786116792
11.75	42.75	440.0709	72.74685148246
11.75	42.833333	389.6979	55.86251607603
11.75	42.916667	574.21508	68.19543860317
11.75	43	437.72439	66.27151823988
11.75	43.083333	422.04245	76.91999206809
11.75	43.166667	349.89075	66.43568761362
11.75	43.25	318.60872	60.23138414051
11.75	43.333333	289.33085	58.72462550514
11.75	43.416667	377.27147	61.19713387847
11.75	43.5	259.75145	36.13202728552
11.75	43.583333	616.87157	70.45096250344
11.75	43.666667	631.38319	58.55428919492
11.75	43.75	400.29617	16.97341919211
11.75	43.833333	1005.6388	69.41731953454
11.75	43.916667	944.01595	56.02706233034
11.75	44	683.14911	20.79968086814
11.75	44.083333	471.48909	-11.388923512
11.75	44.166667	366.89344	-36.35856600752
11.75	44.25	137.05618	-79.9794901706
11.75	44.333333	65.265042	-98.58225867774
11.75	44.416667	8.4167317	-97.14489701231
11.75	44.5	8.8139746	-82.93588872057
11.75	44.583333	0	-60.11713454335
11.75	44.666667	0	-34.93211094288
11.75	44.75	9.5670737	-16.72296156912
11.75	44.833333	0	-5.925241165805
11.75	44.916667	23.651966	0.9693753341367
11.75	45	0	5.264264110494
11.833333	42.083333	143.09468	65.80100020042
11.833333	42.166667	167.23811	57.22493145655
11.833333	42.25	129.77497	51.89680036661
11.833333	42.333333	184.03836	56.36901439683
11.833333	42.416667	138.53465	49.11380196475
11.833333	42.5	363.99558	71.31866627041
11.833333	42.583333	432.59105	68.57488319501
11.833333	42.666667	456.57364	67.02428372041
11.833333	42.75	432.67725	68.88428097476
11.833333	42.833333	408.39238	59.06789947634
11.833333	42.916667	537.85501	72.16212750105
11.833333	43	481.95859	72.80589708518
11.833333	43.083333	433.97158	69.34081627605
11.833333	43.166667	238.81559	45.40417825556
11.833333	43.25	229.09702	40.92605399499
11.833333	43.333333	236.57122	41.41005550355
11.833333	43.416667	305.00449	51.20679740038
11.833333	43.5	205.15809	31.22382655416
11.833333	43.583333	441.89256	50.84862300233
11.833333	43.666667	490.70971	34.40992588573
11.833333	43.75	605.16682	29.98615333087
11.833333	43.833333	995.42491	64.38426612689
11.833333	43.916667	679.78354	20.28157472012
11.833333	44	504.85076	-4.965476003349
11.833333	44.083333	433.21672	-19.13710394277
11.833333	44.166667	300.59075	-49.38956863292
11.833333	44.25	87.949172	-92.37288832775
11.833333	44.333333	50.749982	-103.0308051588
11.833333	44.416667	0	-95.46270742806
11.833333	44.5	32.786239	-78.73681772779
11.833333	44.583333	0	-56.94879290061
11.833333	44.666667	17.731088	-26.95440428138
11.833333	44.75	0	-17.15854886708
11.833333	44.833333	0	-8.77328547606
11.833333	44.916667	19.203223	6.815067644084
11.833333	45	16.923821	9.253108745355
11.916667	42.083333	256.62416	74.29796137881
11.916667	42.166667	260.30661	65.7391169538
11.916667	42.25	145.80024	56.19467500111
11.916667	42.333333	145.73661	56.25229415038
11.916667	42.416667	157.37033	54.05158107887
11.916667	42.5	310.18758	63.92463545488
11.916667	42.666667	403.25874	59.10504619475
11.916667	42.75	462.51549	76.49135746419
11.916667	42.833333	490.23526	76.4396481614
11.916667	42.916667	512.14209	75.17638526746
11.916667	43	322.06885	55.50426476884
11.916667	43.083333	298.36702	52.25794003003
11.916667	43.166667	243.37191	40.74927713038
11.916667	43.25	282.43639	47.90953909541
11.916667	43.333333	329.43035	51.28999217057
11.916667	43.416667	432.23519	64.4315193151
11.916667	43.5	400.68343	53.99340945349
11.916667	43.583333	634.34356	66.07635400897
11.916667	43.666667	765.88818	65.69160355827
11.916667	43.75	916.58602	63.71291998413
11.916667	43.833333	824.5879	44.4361878305
11.916667	43.916667	488.18379	-5.339827268536
11.916667	44	469.39138	-13.56907940764
11.916667	44.083333	325.76998	-38.59912984154
11.916667	44.166667	191.62786	-67.27927831083
11.916667	44.25	38.464035	-98.4881866934
11.916667	44.333333	34.910577	-101.5963375002
11.916667	44.416667	0	-93.18220232153
11.916667	44.5	18.752503	-70.07771237006
11.916667	44.583333	0	-46.81733667748
11.916667	44.666667	11.727737	-24.86008073976
11.916667	44.75	0	-17.83679147493
11.916667	44.833333	27.391408	-8.462098150552
11.916667	44.916667	0	0.1536915455347
11.916667	45	29.027399	8.172873010359
12	42	11.262083	55.89393837422
12	42.083333	248.28682	69.83448911928
12	42.166667	301.18241	67.99468479173
12	42.25	244.27499	63.92731175051
12	42.333333	179.42518	59.47021249693
12	42.416667	207.20865	60.35468607308
12	42.5	346.18806	67.33616307564
12	42.583333	395.97156	61.41769295276
12	42.666667	504.81996	70.98225759812
12	42.75	386.93781	66.65077302408
12	42.833333	301.83791	54.95555751516
12	42.916667	373.11707	57.80084388949
12	43	263.55304	46.12071240739
12	43.083333	244.07175	49.76210640653
12	43.166667	272.4557	45.87526602666
12	43.25	401.24731	64.46985823327
12	43.333333	550.96455	78.36388723597
12	43.416667	703.67934	86.66011600607
12	43.5	537.00718	60.14005181427
12	43.583333	606.98926	53.99333033207
12	43.666667	728.04202	58.75689717456
12	43.75	928.24103	62.75111673251
12	43.833333	825.98758	34.28201789717
12	43.916667	605.19493	1.886700718856
12	44	483.12949	-15.84936954639
12	44.083333	209.97648	-58.70262869472
12	44.166667	132.55826	-79.79099788216
12	44.25	3.2904425	-103.7247786588
12	44.333333	17.82588	-99.31674879287
12	44.416667	0	-94.29930252747
12	44.5	4.1277337	-70.16905067818
12	44.583333	0	-46.27581090642
12	44.666667	18.517895	-30.01401334188
12	44.75	0	-24.13199733784
12	44.833333	42.201409	-11.38102481963
12	44.916667	0	-10.88065008048
12	45	28.903054	3.862516861197
12.083333	42	80.218969	55.89533765278
12.083333	42.083333	265.65011	64.90616716253
12.083333	42.166667	336.92353	71.26704351723
12.083333	42.25	405.01181	74.91702884437
12.083333	42.333333	409.60623	73.99939162411
12.083333	42.416667	313.08119	69.853461269
12.083333	42.5	339.88312	69.13017356158
12.083333	42.583333	487.78481	75.9526640346
12.083333	42.666667	475.90052	70.91726711383
12.083333	42.75	280.81103	49.24714193475
12.083333	42.833333	267.03265	45.49779570233
12.083333	42.916667	383.18855	61.88454652563
12.083333	43	408.00202	65.16567479586
12.083333	43.083333	321.79088	57.04146154795
12.083333	43.25	483.9927	67.66930131796
12.083333	43.333333	607.9775	78.41672739737
12.083333	43.416667	654.0441	76.91032835524
12.083333	43.5	323.50037	30.85229749775
12.083333	43.583333	380.56735	25.16978130682
12.083333	43.666667	669.36825	41.64806788687
12.083333	43.75	899.90369	51.518060131
12.083333	43.833333	827.371	31.35253535209
12.083333	43.916667	566.0698	-3.879241913651
12.083333	44	363.63649	-30.67985844147
12.083333	44.083333	147.54875	-61.59985823686
12.083333	44.166667	101.02034	-76.72692362028
12.083333	44.25	0	-104.575298545
12.083333	44.333333	25.679539	-99.68534329534
12.083333	44.416667	0	-95.66175996607
12.083333	44.5	20.375938	-73.03854152756
12.083333	44.583333	0	-53.71385198831
12.083333	44.666667	21.838939	-32.632309631
12.083333	44.75	0	-29.26396613585
12.083333	44.833333	17.413689	-15.08427774635
12.083333	44.916667	0	-8.970639842865
12.083333	45	35.587241	1.967608664621
12.166667	41.916667	12.336071	45.00399413114
12.166667	42	136.84962	51.74653253857
12.166667	42.083333	272.60056	58.43210730863
12.166667	42.166667	342.13028	72.72732371604
12.166667	42.25	430.17756	80.2425258561
12.166667	42.416667	527.79311	89.61110151358
12.166667	42.5	254.75692	54.27153123989
12.166667	42.583333	271.42565	52.36219842644
12.166667	42.666667	200.83632	45.84717167013
12.166667	42.75	258.20714	56.960740379
12.166667	42.833333	528.16398	85.06792023688
12.166667	42.916667	505.42977	84.54133367071
12.166667	43	381.47957	70.03411673754
12.166667	43.083333	269.7431	51.2753255153
12.166667	43.25	505.67962	72.62580857006
12.166667	43.333333	424.14464	56.81226947143
12.166667	43.416667	400.52485	48.04568164882
12.166667	43.5	284.31556	17.06607636898
12.166667	43.583333	561.26727	37.84181418194
12.166667	43.666667	864.99058	53.33230434754
12.166667	43.75	832.60856	38.52235344155
12.166667	43.833333	614.66901	8.655399110324
12.166667	43.916667	332.46161	-32.5329146186
12.166667	44	280.67024	-42.66316039612
12.166667	44.083333	162.05121	-56.24007516793
12.166667	44.166667	55.300291	-74.01953371016
12.166667	44.25	0	-97.74107287637
12.166667	44.333333	33.276918	-97.9052118101
12.166667	44.416667	0	-93.46857303392
12.166667	44.5	22.998429	-70.7105563885
12.166667	44.666667	1.2749162	-37.0483486396
12.166667	44.75	2.0806102	-32.14359043433
12.166667	44.833333	0	-20.5093268983
12.166667	44.916667	0	-7.79037412677
12.166667	45	0	-2.71893586028
12.25	41.75	18.995588	52.93262515771
12.25	41.833333	35.422354	46.83689659846
12.25	41.916667	45.832759	45.46374479695
12.25	42	105.7152	43.32319808391
12.25	42.083333	178.02305	43.10186156129
12.25	42.166667	302.31395	57.97908044372
12.25	42.25	321.03592	62.7709785304
12.25	42.333333	506.62177	80.24029919653
12.25	42.416667	511.69957	84.22271816393
12.25	42.5	134.88449	38.81742789709
12.25	42.583333	130.86359	44.37528987644
12.25	42.666667	224.86326	57.50389674031
12.25	42.75	391.06505	80.74937130331
12.25	42.833333	578.61292	96.83673826739
12.25	42.916667	402.85641	70.89778926286
12.25	43	212.9065	51.22921043963
12.25	43.083333	235.19071	54.12212267721
12.25	43.166667	387.1145	72.61369008003
12.25	43.25	477.1687	76.41626920734
12.25	43.333333	300.51055	41.07516795866
12.25	43.416667	352.31344	35.81916345841
12.25	43.5	479.46859	31.92927741829
12.25	43.583333	775.8015	50.57788904583
12.25	43.666667	846.99511	47.84091026764
12.25	43.75	744.1071	21.48497789118
12.25	43.833333	637.7307	-2.835219420305
12.25	43.916667	357.06945	-39.22381915622
12.25	44	301.38418	-41.77177581752
12.25	44.083333	147.34738	-58.12768191742
12.25	44.166667	27.718049	-78.29859672892
12.25	44.25	0	-90.83499704108
12.25	44.333333	14.913638	-95.97930842826
12.25	44.416667	0	-91.74273253105
12.25	44.5	13.037987	-73.49013248614
12.25	44.583333	0	-65.16675843393
12.25	44.666667	0	-47.19125970212
12.25	44.75	8.5812138	-32.88857164403
12.25	44.833333	0	-21.60499658928
12.25	44.916667	8.9634785	-10.15170425127
12.25	45	0	-5.967183359168
12.333333	41.75	7.6235956	46.88880022883
12.333333	41.833333	0	42.59089347833
12.333333	41.916667	64.907174	44.36823139304
12.333333	42	127.85725	41.95601009176
12.333333	42.083333	161.11098	46.54757013522
12.333333	42.166667	239.74359	48.45452541993
12.333333	42.25	191.76771	46.83437355482
12.333333	42.333333	184.83014	47.99475195014
12.333333	42.416667	218.31309	54.47176454556
12.333333	42.5	137.34939	46.72752829862
12.333333	42.583333	376.20825	82.79813329679
12.333333	42.666667	521.73183	95.41217001825
12.333333	42.75	423.13263	82.15565181136
12.333333	42.833333	272.5204	61.86846593383
12.333333	42.916667	160.89715	40.10009679032
12.333333	43	203.35667	46.22773036527
12.333333	43.083333	317.51442	68.54212714593
12.333333	43.166667	455.65859	77.88045780455
12.333333	43.25	381.31585	63.40516949432
12.333333	43.333333	354.38883	41.44368355448
12.333333	43.416667	463.07677	40.05522409471
12.333333	43.5	563.59953	43.11525426122
12.333333	43.583333	669.6708	37.68214744575
12.333333	43.666667	571.90806	16.1751814046
12.333333	43.75	687.35454	12.13521022656
12.333333	43.833333	793.2321	8.638882465029
12.333333	43.916667	436.65174	-32.88837839683
12.333333	44	217.077	-53.03296318111
12.333333	44.083333	62.902032	-67.57588721662
12.333333	44.166667	12.386897	-78.49997720424
12.333333	44.25	10.680094	-87.92312458556
12.333333	44.333333	0	-93.41648002721
12.333333	44.833333	6.1508448	-21.00394357267
12.333333	44.916667	10.666627	-10.90669803823
12.416667	41.666667	59.668751	52.62668348998
12.416667	41.75	34.574119	47.04285218669
12.416667	41.833333	42.179957	43.77501653199
12.416667	41.916667	79.602313	37.03006015012
12.416667	42	105.00804	37.48811604698
12.416667	42.083333	234.11337	58.62777083685
12.416667	42.166667	242.53426	53.34168447657
12.416667	42.25	198.78457	55.32174446152
12.416667	42.333333	124.00703	48.84935886249
12.416667	42.416667	133.4154	47.88417430834
12.416667	42.5	233.97946	58.59155568455
12.416667	42.583333	477.86217	85.82620183653
12.416667	42.666667	422.65862	81.17042894007
12.416667	42.75	228.58522	58.65213184197
12.416667	42.833333	203.36203	52.37897273336
12.416667	42.916667	239.61853	57.03384895259
12.416667	43	298.98126	54.94903400987
12.416667	43.083333	227.38733	53.11759637507
12.416667	43.166667	339.63065	58.45498528476
12.416667	43.25	373.63733	55.17112434621
12.416667	43.333333	493.38252	54.02694866401
12.416667	43.416667	560.48834	44.23713079742
12.416667	43.5	676.8266	47.6682754373
12.416667	43.583333	654.63733	30.35159435623
12.416667	43.666667	419.30009	-4.931081808301
12.416667	43.75	505.01901	-2.965165795032
12.416667	43.833333	606.093	-0.398419687464
12.416667	43.916667	349.36177	-38.44660119405
12.416667	44	116.76935	-68.42643852529
12.416667	44.083333	41.330257	-74.68727985156
12.416667	44.166667	0	-78.76168433132
12.416667	44.833333	0	-26.0033870747
12.416667	44.916667	0	-14.67126699826
12.416667	45	0	-3.226923062449
12.5	41.583333	0	47.17712078985
12.5	41.666667	58.504767	42.59602676946
12.5	41.75	64.788873	45.81873225451
12.5	41.833333	80.301915	41.6417090749
12.5	41.916667	37.374395	30.5784162137
12.5	42	0	27.37271166993
12.5	42.083333	160.56812	45.62435534989
12.5	42.166667	217.8741	48.09841039481
12.5	42.25	186.86049	48.32213456609
12.5	42.333333	119.66773	41.1387525256
12.5	42.416667	208.77104	51.40767356888
12.5	42.5	167.59696	49.5318406184
12.5	42.583333	221.90457	51.44349892472
12.5	42.666667	287.47804	56.64441087792
12.5	42.75	303.12165	62.0203662935
12.5	42.833333	499.79995	78.6705962966
12.5	42.916667	431.46927	77.13559001985
12.5	43	287.37017	51.54038486648
12.5	43.083333	118.73353	28.47559164927
12.5	43.166667	319.81571	46.45371874332
12.5	43.25	526.78803	58.18318204813
12.5	43.333333	593.60716	54.60884376536
12.5	43.416667	585.68938	40.47570813963
12.5	43.5	766.21708	45.51675358595
12.5	43.583333	665.03186	28.85361690872
12.5	43.666667	383.90027	-6.742827641659
12.5	43.75	308.88305	-20.96348028697
12.5	43.833333	341.83535	-24.44604527145
12.5	43.916667	317.54186	-36.26917073003
12.5	44	85.898786	-62.68254495545
12.5	44.083333	42.912225	-74.73165858034
12.583333	41.5	49.444993	58.77781568699
12.583333	41.583333	56.17678	47.4321036485
12.583333	41.666667	65.911203	38.07518771186
12.583333	41.75	140.15096	50.65104150042
12.583333	41.833333	27.209279	33.67757856605
12.583333	41.916667	56.85552	31.41968888318
12.583333	42	79.87664	37.91508865625
12.583333	42.083333	25.230626	32.555727004
12.583333	42.166667	111.79938	41.65092072004
12.583333	42.25	91.972296	31.05550253348
12.583333	42.333333	70.625695	26.1886263619
12.583333	42.416667	409.92056	67.83147685354
12.583333	42.5	259.002	55.99792915927
12.583333	42.583333	202.12244	48.99822989248
12.583333	42.666667	612.78228	86.80693665095
12.583333	42.75	575.18988	86.47355652016
12.583333	42.833333	501.23904	76.26582264066
12.583333	42.916667	252.9883	50.76507490038
12.583333	43	236.43102	44.87355801182
12.583333	43.083333	359.14549	50.11416877743
12.583333	43.166667	463.70009	54.09275250283
12.583333	43.25	504.73485	44.29450767063
12.583333	43.333333	547.27216	36.34614523627
12.583333	43.416667	637.29571	41.85022336429
12.583333	43.5	680.60244	37.98946285212
12.583333	43.583333	458.52019	13.00020151369
12.583333	43.666667	348.0924	-5.149595492604
12.583333	43.75	284.64444	-17.99961597779
12.583333	43.833333	234.92575	-31.85641471255
12.583333	43.916667	253.02677	-34.89041511138
12.583333	44	1.2895175	-60.82364872491
12.666667	41.5	18.086357	42.2906913256
12.666667	41.583333	75.122893	41.3632677283
12.666667	41.666667	203.37697	47.09813782728
12.666667	41.833333	152.39404	44.80481317657
12.666667	41.916667	47.570002	24.39430182903
12.666667	42	149.74428	43.64506670278
12.666667	42.083333	37.593928	35.00152433809
12.666667	42.166667	87.371901	35.70497699616
12.666667	42.25	202.37934	40.92409678442
12.666667	42.333333	426.78595	68.13245248534
12.666667	42.416667	770.58574	101.852514179
12.666667	42.5	544.05632	75.19308343049
12.666667	42.583333	357.68563	58.00324022651
12.666667	42.666667	713.34225	97.53520694407
12.666667	42.75	431.11584	69.10438746814
12.666667	42.833333	260.02136	48.47015703096
12.666667	42.916667	169.13455	30.86490137498
12.666667	43	340.66071	48.29074356216
12.666667	43.083333	643.36795	72.69348030832
12.666667	43.166667	523.46252	53.02325168675
12.666667	43.25	378.72747	27.20077465899
12.666667	43.333333	530.07536	32.52312291302
12.666667	43.416667	812.12531	55.95517637094
12.666667	43.5	651.66209	34.44965779167
12.666667	43.583333	354.60815	1.164702483969
12.666667	43.666667	362.34783	-0.837033258172
12.666667	43.75	309.15545	-9.545179030823
12.666667	43.833333	160.37978	-35.40731544316
12.666667	43.916667	89.365974	-48.2492755939
12.666667	44	0	-67.4396469531
12.75	41.416667	0	45.33563472204
12.75	41.5	57.869601	42.06738678416
12.75	41.583333	57.422628	35.82069425683
12.75	41.666667	239.32456	49.88569470701
12.75	41.75	609.6133	85.80394827913
12.75	41.833333	324.37459	58.00942515286
12.75	41.916667	8.4337875	17.65741747732
12.75	42	126.24757	37.96296049892
12.75	42.083333	317.53464	56.02652105203
12.75	42.166667	201.22146	34.80742296524
12.75	42.25	368.27673	57.66049859908
12.75	42.333333	784.7024	101.6484606088
12.75	42.416667	662.52685	88.31183263158
12.75	42.5	486.03934	65.18995837954
12.75	42.583333	434.29615	61.28193031891
12.75	42.666667	620.14424	89.07934214175
12.75	42.75	332.89102	47.71825943433
12.75	42.833333	432.58448	55.94746302542
12.75	42.916667	558.37158	67.02392058777
12.75	43	528.36562	59.76237127374
12.75	43.083333	645.30971	66.24654205218
12.75	43.166667	582.96185	51.48492744045
12.75	43.25	606.18354	45.46465031208
12.75	43.333333	631.25171	44.08115308721
12.75	43.416667	792.17224	52.14800917628
12.75	43.5	603.26074	26.82873760609
12.75	43.583333	410.32047	6.845153630408
12.75	43.666667	376.26639	5.549627300461
12.75	43.75	280.93587	-11.6915827336
12.75	43.833333	169.62151	-36.31831895756
12.75	43.916667	34.378028	-48.80727557985
12.833333	41.416667	10.191195	49.41244459431
12.833333	41.5	72.848556	38.85399765799
12.833333	41.583333	2.778832	33.79883265442
12.833333	41.666667	244.45863	57.20751870797
12.833333	41.75	403.36005	65.14511026072
12.833333	41.833333	389.63211	60.86696491963
12.833333	41.916667	323.61882	55.66908611403
12.833333	42	423.11258	63.81465672334
12.833333	42.083333	779.55976	97.97362831101
12.833333	42.166667	510.03343	71.59646327981
12.833333	42.25	471.30342	70.53701087045
12.833333	42.333333	689.23103	89.44326539488
12.833333	42.416667	329.93728	44.12113538415
12.833333	42.5	599.48726	79.97583063215
12.833333	42.583333	801.495	100.9437359626
12.833333	42.666667	954.97264	114.5172256315
12.833333	42.75	754.36485	87.78172868453
12.833333	42.833333	809.68191	91.63292606456
12.833333	42.916667	904.57772	104.6045987239
12.833333	43	770.9894	86.49886283685
12.833333	43.083333	762.56196	76.90937665146
12.833333	43.166667	779.02519	71.40449203131
12.833333	43.25	858.40703	66.18146648236
12.833333	43.333333	561.78607	34.65822722237
12.833333	43.416667	483.03651	22.35922984273
12.833333	43.5	426.11312	11.85293566532
12.833333	43.583333	376.68018	3.622727557406
12.833333	43.666667	307.796	-3.840611895711
12.833333	43.75	201.56214	-22.265191968
12.833333	43.833333	188.93386	-30.10647606185
12.833333	43.916667	35.642194	-42.3190171686
12.916667	41.416667	16.585494	46.53340475613
12.916667	41.5	0	28.4936227315
12.916667	41.583333	113.40808	57.06370892966
12.916667	41.666667	509.14227	86.32594149738
12.916667	41.75	307.72431	52.73699078838
12.916667	41.833333	431.18805	63.7089893111
12.916667	41.916667	657.37328	91.638840542
12.916667	42	587.7614	73.2010308738
12.916667	42.083333	826.1164	99.13973228635
12.916667	42.166667	834.98084	96.79114167191
12.916667	42.25	677.80476	75.3511764616
12.916667	42.333333	580.62575	69.95728991406
12.916667	42.416667	587.41372	67.07496005856
12.916667	42.5	1229.9665	135.848269872
12.916667	42.583333	1135.9475	130.8122501182
12.916667	42.666667	1099.9976	119.7076275838
12.916667	42.75	963.78433	108.1030194701
12.916667	42.833333	856.33192	96.31847253342
12.916667	42.916667	942.58837	104.7629139491
12.916667	43	1012.2282	105.1520248202
12.916667	43.083333	1010.6261	94.74127160995
12.916667	43.166667	831.26798	75.16242939243
12.916667	43.25	661.6088	49.55051576871
12.916667	43.333333	398.937	15.91204237226
12.916667	43.416667	373.77894	10.37996733437
12.916667	43.5	375.55045	7.072551102283
12.916667	43.583333	265.66164	-15.27977648372
12.916667	43.666667	201.10472	-27.4827809827
12.916667	43.75	106.69336	-36.52758901431
12.916667	43.833333	97.308064	-30.91974181331
12.916667	43.916667	3.4851287	-48.52907320423
13	41.333333	86.204809	51.12364892934
13	41.416667	32.668522	46.02035818895
13	41.5	72.055971	53.91264009553
13	41.583333	562.61875	108.9515517991
13	41.666667	654.17166	97.92349322755
13	41.75	235.67865	42.91309817948
13	41.833333	416.21159	58.86743309436
13	41.916667	600.76036	84.26287965921
13	42	475.47589	55.41451816669
13	42.083333	571.30772	63.71116974169
13	42.166667	865.16244	85.64391807209
13	42.25	803.49237	75.51566458464
13	42.333333	734.83025	76.23475828584
13	42.416667	997.52754	102.9565544382
13	42.5	1450.9167	148.262130441
13	42.583333	1107.3165	125.5778666485
13	42.666667	972.9831	103.9812953943
13	42.75	827.9774	87.6648416769
13	42.833333	758.05617	74.40995374104
13	42.916667	877.62667	85.83682505918
13	43	931.09349	89.32159838739
13	43.083333	805.98511	69.94199031762
13	43.166667	624.89985	45.1980621893
13	43.25	452.32766	23.13608772777
13	43.333333	520.51483	28.36414814293
13	43.416667	483.94132	21.68036126005
13	43.5	351.73893	2.326213151527
13	43.583333	154.07724	-30.09452737235
13	43.666667	133.45334	-35.99239572942
13	43.75	86.532301	-41.07619367772
13	43.833333	31.773811	-38.21917251496
13.083333	41.25	24.325405	71.66431993806
13.083333	41.333333	14.118768	44.2858788988
13.083333	41.416667	0	39.42997402291
13.083333	41.5	255.56681	75.51165107831
13.083333	41.583333	924.93459	135.7300109284
13.083333	41.666667	505.77522	81.57927253514
13.083333	41.75	167.60888	34.69417400126
13.083333	41.833333	503.03938	66.40502171926
13.083333	41.916667	698.8808	89.26962075684
13.083333	42	935.28988	101.7728551927
13.083333	42.083333	854.87585	89.23801189216
13.083333	42.166667	819.57449	82.0928800092
13.083333	42.25	862.13014	92.47573034408
13.083333	42.333333	1130.4288	111.600959872
13.083333	42.416667	1142.7626	111.502757288
13.083333	42.5	1142.6078	113.8420271442
13.083333	42.583333	1162.6625	118.2946834708
13.083333	42.666667	1216.6709	120.4254698283
13.083333	42.75	947.11865	90.81639915554
13.083333	42.833333	949.71602	90.2727433699
13.083333	42.916667	1018.4411	101.3613849908
13.083333	43	877.11415	81.05062115611
13.083333	43.083333	521.07111	38.85474009344
13.083333	43.166667	524.49064	31.23064740098
13.083333	43.25	531.76199	29.95962344361
13.083333	43.333333	725.67602	48.94574588796
13.083333	43.416667	422.48722	15.40896748633
13.083333	43.5	202.08152	-16.84700995987
13.083333	43.583333	116.13329	-34.89751912262
13.083333	43.666667	124.61522	-33.61292346238
13.083333	43.75	78.961766	-39.44889651226
13.166667	41.333333	9.6181021	57.47913117595
13.166667	41.416667	44.874773	61.95975318803
13.166667	41.5	213.29119	63.00992610964
13.166667	41.583333	833.91588	120.1716235943
13.166667	41.666667	441.25773	67.85916521057
13.166667	41.75	354.44922	54.16191740597
13.166667	41.833333	768.7304	98.57874967185
13.166667	41.916667	1077.2826	127.731118631
13.166667	42	1521.4047	153.9828964409
13.166667	42.083333	1158.5746	116.8786710961
13.166667	42.166667	820.04269	75.08630537991
13.166667	42.25	980.31396	99.69763945961
13.166667	42.333333	1365.6325	128.177308074
13.166667	42.416667	1175.0236	112.617883439
13.166667	42.5	959.03923	86.46686727865
13.166667	42.583333	1093.2225	100.2479327809
13.166667	42.666667	1258.1858	117.0324412445
13.166667	42.75	1150.8006	107.4743199728
13.166667	42.833333	1432.2969	136.7142688842
13.166667	42.916667	1432.6537	139.0854536261
13.166667	43	1221.7554	105.2746424772
13.166667	43.083333	691.3766	50.56416120297
13.166667	43.166667	564.24392	36.70890377645
13.166667	43.25	474.05155	28.43319528623
13.166667	43.333333	618.01011	38.62097512126
13.166667	43.416667	275.93719	-2.872352187389
13.166667	43.5	147.57592	-25.95693344034
13.166667	43.583333	136.25716	-33.52194093633
13.166667	43.666667	104.56247	-38.62092981919
13.166667	43.75	1.8896802	-40.55339576006
13.25	41.333333	240.96993	85.16756240429
13.25	41.416667	473.35225	101.8270909274
13.25	41.5	178.9614	52.28280839624
13.25	41.583333	457.01068	77.41968836843
13.25	41.666667	283.07956	44.28936534762
13.25	41.75	484.63068	67.06499098055
13.25	41.833333	1006.8703	118.8562730936
13.25	41.916667	1316.4573	145.142812004
13.25	42	1378.2485	141.0355679111
13.25	42.083333	864.31666	82.75338930162
13.25	42.166667	936.06215	80.45424938246
13.25	42.25	1170.0502	107.8266804589
13.25	42.333333	1060.5906	95.6838592451
13.25	42.416667	998.74811	91.4507561685
13.25	42.5	1034.5238	89.80940799663
13.25	42.583333	944.06316	87.51925660064
13.25	42.666667	1119.1561	99.48232212711
13.25	42.75	1177.7964	104.1905110402
13.25	42.833333	1629.7103	142.9355994764
13.25	42.916667	1447.6126	127.9248835873
13.25	43	1159.8164	92.18390004424
13.25	43.083333	686.4911	43.16545154985
13.25	43.166667	435.54926	17.43300370816
13.25	43.25	229.39914	-1.46474610272
13.25	43.333333	360.52446	9.82271499872
13.25	43.416667	218.19058	-7.529921225213
13.25	43.5	171.15708	-19.67431721948
13.25	43.583333	70.21246	-29.2760091293
13.25	43.666667	54.541502	-36.26070131357
13.333333	41.333333	134.59463	64.38912738087
13.333333	41.416667	485.44584	95.46014516335
13.333333	41.5	252.27763	57.87639213573
13.333333	41.583333	179.27233	39.84885989254
13.333333	41.666667	88.825615	20.6744508418
13.333333	41.75	635.7983	81.74750320897
13.333333	41.833333	1205.2646	124.0689334351
13.333333	41.916667	1350.338	134.362824851
13.333333	42	1007.9246	92.72726950957
13.333333	42.083333	744.40097	55.42064447965
13.333333	42.166667	1469.0336	141.5114544951
13.333333	42.25	1577.0889	149.7276639734
13.333333	42.333333	789.59923	56.56392246927
13.333333	42.416667	883.53646	69.817837025
13.333333	42.5	1306.0357	113.932398556
13.333333	42.583333	1317.2831	125.9235992849
13.333333	42.666667	1528.8922	134.5257188262
13.333333	42.75	1049.9639	88.73863582153
13.333333	42.833333	1110.1406	90.36698730043
13.333333	42.916667	865.5456	61.21019135747
13.333333	43	594.84173	28.77405026851
13.333333	43.083333	371.378	4.590301367102
13.333333	43.166667	296.58079	-3.183084010239
13.333333	43.25	167.60017	-11.98199716956
13.333333	43.333333	236.8235	-4.028731100725
13.333333	43.416667	156.32543	-9.497990257046
13.333333	43.5	142.43639	-20.16640612954
13.333333	43.583333	14.135423	-26.6412902663
13.416667	41.333333	29.454556	47.03219603162
13.416667	41.416667	408.22818	83.77350305011
13.416667	41.5	406.17878	69.08947499333
13.416667	41.583333	147.54781	32.47813467482
13.416667	41.666667	291.05565	43.99757244169
13.416667	41.75	1025.2343	110.1563244296
13.416667	41.833333	1248.0135	120.4699586307
13.416667	41.916667	1143.2844	105.2134995257
13.416667	42	759.24629	53.75203466293
13.416667	42.083333	919.50861	66.33921821102
13.416667	42.166667	1847.9723	173.29165057
13.416667	42.25	1658.1235	154.1392945002
13.416667	42.333333	774.38867	42.38047581335
13.416667	42.416667	1130.9015	98.09584802216
13.416667	42.5	1541.6613	137.3708557482
13.416667	42.583333	1498.553	134.8296472257
13.416667	42.666667	1678.5746	147.3779665503
13.416667	42.75	775.61541	61.84505732616
13.416667	42.833333	495.56963	20.95105769673
13.416667	42.916667	527.75047	17.25909663044
13.416667	43	449.71012	-1.086564842545
13.416667	43.083333	311.42386	-9.910233613475
13.416667	43.166667	298.03831	-4.790359714058
13.416667	43.25	181.24249	-9.788017119128
13.416667	43.333333	182.42146	-11.67875918782
13.416667	43.416667	92.284345	-18.83870515247
13.416667	43.5	138.63415	-16.41474873448
13.416667	43.583333	72.101947	-15.38353885042
13.5	41.25	163.31914	79.54431323967
13.5	41.333333	434.52464	95.80532631386
13.5	41.416667	589.6188	97.31314482107
13.5	41.5	301.20211	52.12604536258
13.5	41.583333	90.701828	28.65066621833
13.5	41.666667	412.54221	54.15223985494
13.5	41.75	999.8591	97.90354420272
13.5	41.833333	1069.7989	105.1183313777
13.5	41.916667	909.09378	74.49957278745
13.5	42	576.45581	27.15903320798
13.5	42.083333	990.27204	79.82875918877
13.5	42.166667	1669.3259	155.2936705554
13.5	42.25	1141.917	98.62033741168
13.5	42.333333	704.20247	35.38602705699
13.5	42.416667	1504.3478	138.1252739368
13.5	42.5	1536.7154	134.6309892476
13.5	42.583333	970.99931	72.88010165318
13.5	42.666667	1171.4489	99.25983969499
13.5	42.75	792.22101	53.70550731705
13.5	42.833333	455.34183	9.142618381119
13.5	42.916667	533.9685	15.92336729335
13.5	43	518.27854	4.011750400323
13.5	43.083333	282.52651	-14.9070382415
13.5	43.166667	222.52623	-19.0318934667
13.5	43.25	95.22823	-25.71489170258
13.5	43.333333	139.55655	-18.56258011106
13.5	43.416667	78.896426	-21.71916020561
13.5	43.5	130.04421	-1.981238212245
13.5	43.583333	91.045141	3.99470054262
13.583333	41.25	213.24925	83.02620353415
13.583333	41.333333	794.56362	124.975609581
13.583333	41.416667	433.45491	78.61837079908
13.583333	41.5	0	12.82917907925
13.583333	41.583333	247.79162	46.38637595615
13.583333	41.666667	286.01382	35.40058850362
13.583333	41.75	676.35761	63.06874944375
13.583333	41.833333	1156.4989	119.5594948923
13.583333	41.916667	951.24453	85.90468408478
13.583333	42	619.11861	33.86019299114
13.583333	42.083333	1140.7741	98.57124227253
13.583333	42.166667	1474.8821	133.6881447077
13.583333	42.25	849.85126	63.22991156669
13.583333	42.333333	900.64415	70.59608852398
13.583333	42.416667	1764.9183	153.2023527901
13.583333	42.5	1300.4665	103.2052483641
13.583333	42.583333	512.56269	11.85447915102
13.583333	42.666667	816.81708	46.64293056109
13.583333	42.75	993.57567	60.35999622718
13.583333	42.833333	489.98554	8.550400971252
13.583333	42.916667	353.09799	-11.62966299049
13.583333	43	352.89881	-14.37958116668
13.583333	43.083333	140.34304	-33.03530260546
13.583333	43.166667	153.4918	-30.9092691376
13.583333	43.25	85.332777	-29.59527350104
13.583333	43.333333	140.41531	-10.53669179161
13.583333	43.416667	53.173385	-14.96370421155
13.583333	43.5	69.7255	1.35416727467
13.666667	41.25	114.65704	55.73267542882
13.666667	41.333333	748.90013	109.7808460703
13.666667	41.416667	174.80065	46.45530341918
13.666667	41.5	109.31235	30.22743576278
13.666667	41.583333	775.14446	92.18064459535
13.666667	41.666667	351.32759	38.01595140569
13.666667	41.75	839.21176	83.65276770821
13.666667	41.833333	1544.3432	159.5905606345
13.666667	41.916667	1105.8049	120.7549547596
13.666667	42	827.91596	68.57033537422
13.666667	42.083333	1142.3871	97.02078839915
13.666667	42.166667	1131.968	99.21515786822
13.666667	42.25	771.59398	50.61384360019
13.666667	42.333333	1234.1691	109.210982442
13.666667	42.416667	1747.4258	146.3324594742
13.666667	42.5	852.56451	53.51293307641
13.666667	42.583333	342.69581	-5.26205652509
13.666667	42.666667	537.99022	8.699856149086
13.666667	42.75	660.36753	21.73414451079
13.666667	42.833333	210.50954	-30.30537415221
13.666667	42.916667	179.09931	-43.59293842899
13.666667	43	284.81311	-26.02172221842
13.666667	43.083333	166.31107	-33.44353919186
13.666667	43.166667	173.61665	-19.99241376236
13.666667	43.25	92.057337	-18.26760313222
13.666667	43.333333	88.328376	-5.744249770423
13.666667	43.416667	0	-8.310380540522
13.75	41.25	0	27.62227058977
13.75	41.333333	435.76259	80.75427258891
13.75	41.416667	101.79938	35.64961848124
13.75	41.5	344.42362	51.28076546583
13.75	41.583333	792.18816	92.0617912433
13.75	41.666667	416.79439	43.7539503519
13.75	41.75	1179.3276	121.8679218084
13.75	41.833333	1638.2646	171.5485746681
13.75	41.916667	1341.7164	141.8198565739
13.75	42	1113.512	105.3151670945
13.75	42.083333	835.00548	72.2950659096
13.75	42.166667	666.50543	50.49018787542
13.75	42.25	593.42904	25.60269845215
13.75	42.333333	1166.2852	97.7037297659
13.75	42.416667	1442.2362	117.8395902064
13.75	42.5	509.4124	10.81201488518
13.75	42.583333	292.74363	-16.0623782941
13.75	42.666667	214.67778	-32.08912556225
13.75	42.75	196.19682	-41.46431486962
13.75	42.833333	92.996335	-55.55365352503
13.75	42.916667	192.83498	-38.34367241478
13.75	43	244.55037	-20.50227295332
13.75	43.083333	167.15637	-24.23173772961
13.75	43.166667	97.695662	-15.21392548831
13.75	43.25	2.8355927	-16.50880784911
13.75	44.916667	5.3668345	24.46061406438
13.75	45	64.954986	35.31166499453
13.833333	41.166667	52.562487	49.02919418193
13.833333	41.25	0	34.00653077179
13.833333	41.333333	196.84096	59.92690283048
13.833333	41.416667	1.9922006	23.47160125034
13.833333	41.5	221.18017	34.68929114554
13.833333	41.583333	531.54095	69.79870951209
13.833333	41.666667	720.45759	84.05399335167
13.833333	41.75	1422.8552	155.746979962
13.833333	41.833333	1527.2589	172.0935751864
13.833333	41.916667	1599.0176	156.7002376319
13.833333	42	1114.2695	108.2914226238
13.833333	42.083333	527.19653	38.44741051573
13.833333	42.166667	633.58058	42.4295176126
13.833333	42.25	614.6877	35.41831204572
13.833333	42.333333	828.86387	57.99494519145
13.833333	42.416667	931.54995	65.23292528051
13.833333	42.5	369.16163	-5.481032713384
13.833333	42.583333	340.82149	-17.57765053583
13.833333	42.666667	170.97955	-39.75967126806
13.833333	42.75	164.16886	-48.90811856537
13.833333	42.833333	146.82678	-47.83786107723
13.833333	42.916667	121.47357	-40.63889371757
13.833333	43	80.393765	-34.63243168778
13.833333	43.083333	58.728892	-25.40687689603
13.833333	44.833333	0	14.5225311714
13.833333	44.916667	56.002028	23.35307981429
13.833333	45	157.18304	39.70116262231
13.916667	40.75	115.471	77.92316304069
13.916667	41.083333	0	40.74786098123
13.916667	41.166667	106.09123	55.63803380948
13.916667	41.25	289.32274	60.55672417915
13.916667	41.333333	343.78267	66.89693698174
13.916667	41.416667	199.82236	44.16996618151
13.916667	41.5	412.01296	60.97543437225
13.916667	41.583333	898.88952	107.324621343
13.916667	41.666667	1375.2525	152.8786087055
13.916667	41.75	1670.7757	182.8042593756
13.916667	41.833333	1627.054	185.4828424912
13.916667	41.916667	1594.9906	163.6191098468
13.916667	42	735.7814	70.65659564276
13.916667	42.083333	514.87479	27.02233583474
13.916667	42.166667	694.01997	46.82596568291
13.916667	42.25	459.51842	30.54250554868
13.916667	42.333333	428.11727	15.38133693444
13.916667	42.416667	357.78705	0.3318362319149
13.916667	42.5	207.82706	-20.47175228359
13.916667	42.583333	261.07943	-26.31877033981
13.916667	42.666667	131.82066	-44.85556789877
13.916667	42.75	131.76123	-45.3201273519
13.916667	42.833333	28.186313	-53.46428362536
13.916667	44.833333	36.560786	15.73057802258
13.916667	44.916667	119.39646	25.85874234349
13.916667	45	170.75277	37.75803433808
14	41	0	33.73501660331
14	41.083333	48.138353	37.73913526359
14	41.166667	46.855687	46.9331610784
14	41.25	324.33715	61.72969490361
14	41.333333	434.8594	69.74702025282
14	41.416667	431.30636	62.10797331505
14	41.5	617.06334	83.79087519312
14	41.583333	1035.5811	113.3756291656
14	41.666667	1343.8705	146.0482349611
14	41.75	1461.0448	152.1267382081
14	41.833333	1638.9297	170.9017736768
14	41.916667	1520.0197	157.950347498
14	42	897.8633	83.79179947635
14	42.083333	1276.9713	117.5769117388
14	42.166667	882.47491	83.64400452319
14	42.25	147.97572	-8.37910117113
14	42.333333	175.83609	-17.18263684811
14	42.416667	112.0117	-36.70746108231
14	42.5	172.26495	-35.41889087959
14	42.583333	140.13338	-41.90762116139
14	42.666667	2.8575448	-60.06682123623
14	44.916667	99.370279	21.53640392724
14	45	172.79998	25.55313714421
14.083333	40.833333	0	38.79647923686
14.083333	40.916667	49.304944	49.80004044448
14.083333	41	0	30.75237810393
14.083333	41.083333	53.169507	36.03493748017
14.083333	41.166667	0	31.09586017267
14.083333	41.25	203.32425	50.11318466277
14.083333	41.333333	213.73271	46.9835790172
14.083333	41.416667	252.80052	36.84823843368
14.083333	41.5	363.39144	53.71145557636
14.083333	41.583333	516.3312	53.8529445139
14.083333	41.666667	754.57786	75.00650150245
14.083333	41.75	971.91341	83.73018376862
14.083333	41.833333	1318.4739	127.9104342485
14.083333	41.916667	1482.37	146.6443289265
14.083333	42	1441.5621	133.731454069
14.083333	42.083333	2055.4545	185.2586683004
14.083333	42.166667	1343.049	133.7185298958
14.083333	42.25	283.05529	-0.9591007776422
14.083333	42.333333	172.28563	-22.4338341253
14.083333	42.416667	118.85943	-37.28206959206
14.083333	42.5	165.91873	-36.45557877157
14.083333	42.583333	85.974538	-39.17276870329
14.083333	45	149.19426	13.13372833245
14.166667	40.833333	102.79111	50.90890556634
14.166667	40.916667	215.25977	56.79565931658
14.166667	41	5.1453147	40.92337982975
14.166667	41.083333	0	34.13866583539
14.166667	41.166667	45.084802	38.86300314129
14.166667	41.25	305.06026	65.86745252637
14.166667	41.333333	127.53189	33.34899085594
14.166667	41.416667	338.43347	51.82155118
14.166667	41.5	476.10489	66.92190291986
14.166667	41.583333	338.39666	34.92404591388
14.166667	41.666667	636.38621	58.86877705983
14.166667	41.75	915.08727	76.65899259433
14.166667	41.833333	1079.5014	103.4597816307
14.166667	41.916667	1252.5974	120.9704057612
14.166667	42	1219.3521	112.6533405062
14.166667	42.083333	1457.7224	139.9793133508
14.166667	42.166667	1087.2281	100.3679301766
14.166667	42.25	392.65793	12.32918530611
14.166667	42.333333	133.73888	-22.66810055715
14.166667	42.416667	60.305627	-33.81607346995
14.166667	42.5	6.4762768	-35.50398800058
14.166667	45	62.953822	5.727817432799
14.25	40.833333	23.90921	40.32585329732
14.25	40.916667	73.046055	30.97638285965
14.25	41	25.415501	43.8363942596
14.25	41.083333	40.30023	41.95236332567
14.25	41.166667	212.5881	67.20666643609
14.25	41.25	398.10566	79.40641572795
14.25	41.333333	151.83378	26.21943361856
14.25	41.416667	872.23045	116.9053234515
14.25	41.5	1005.6666	124.1050119393
14.25	41.583333	595.8219	68.81001049841
14.25	41.666667	831.32271	83.39870245777
14.25	41.75	1047.4691	95.01717420672
14.25	41.833333	1105.5955	100.8890096633
14.25	41.916667	986.26164	88.03708982832
14.25	42	670.58845	53.61057034428
14.25	42.083333	432.34474	26.55647170631
14.25	42.166667	326.103	14.91198966956
14.25	42.25	255.17748	1.644300316173
14.25	42.333333	114.27355	-20.25922519167
14.25	42.416667	73.209772	-26.44363683153
14.25	44.666667	0	11.55631522707
14.333333	40.583333	0	76.28276662075
14.333333	40.833333	128.02886	51.30512622724
14.333333	40.916667	0	17.18303209781
14.333333	41	52.522858	44.23376080993
14.333333	41.083333	101.3884	49.02332603454
14.333333	41.166667	226.72439	65.95254588841
14.333333	41.25	237.9452	56.70792665011
14.333333	41.333333	183.44122	24.83519153547
14.333333	41.416667	1235.4209	150.9635279318
14.333333	41.5	1116.5379	136.3669962263
14.333333	41.583333	821.06724	91.31182685422
14.333333	41.666667	961.25635	89.13275774667
14.333333	41.75	892.86672	74.64144026912
14.333333	41.833333	1084.2651	93.91567785872
14.333333	41.916667	881.26762	77.87026605079
14.333333	42	557.61335	45.79697643994
14.333333	42.083333	277.0503	17.85863428729
14.333333	42.166667	146.29215	5.74492463894
14.333333	42.25	281.93166	6.036445937063
14.333333	42.333333	146.95194	-6.443918168664
14.333333	44.833333	64.770298	0.8371953358122
14.333333	44.916667	54.312843	4.363962236908
14.416667	40.833333	427.03451	73.49074618901
14.416667	40.916667	72.826698	37.35126677409
14.416667	41	139.65254	52.03521686266
14.416667	41.083333	131.36107	58.70714875584
14.416667	41.166667	69.200246	37.46005487013
14.416667	41.25	60.302867	27.13779153822
14.416667	41.333333	502.33968	70.45699368575
14.416667	41.416667	1301.0942	151.2869433222
14.416667	41.5	787.5425	97.67628228552
14.416667	41.583333	862.35659	92.77629222026
14.416667	41.666667	913.87373	80.83016921958
14.416667	41.75	578.1513	37.04901916795
14.416667	41.833333	897.05863	77.94743850695
14.416667	41.916667	850.09669	80.32029588296
14.416667	42	541.61624	52.40550345142
14.416667	42.083333	334.03139	32.77089794658
14.416667	42.166667	182.42379	15.72139996018
14.416667	42.25	215.06114	5.462506621434
14.416667	42.333333	31.855643	-5.118952307193
14.416667	44.583333	0	14.4851606148
14.416667	44.75	99.422384	8.326323503205
14.416667	44.833333	146.31302	14.93704995053
14.416667	44.916667	185.40054	17.1446643769
14.5	40.666667	501.86107	119.6417317747
14.5	40.75	0	48.42136611973
14.5	40.833333	167.14599	50.51290461111
14.5	40.916667	0	37.03752726221
14.5	41	170.76776	52.02662484614
14.5	41.083333	405.4151	84.92341862887
14.5	41.166667	256.76774	51.18252047041
14.5	41.25	134.58961	33.58811862135
14.5	41.333333	892.43814	116.2339555489
14.5	41.416667	1165.1505	135.0431766918
14.5	41.5	534.72198	55.39527466834
14.5	41.583333	702.85846	67.17445493667
14.5	41.666667	643.77756	53.40301091632
14.5	41.75	470.56729	27.75362450151
14.5	41.833333	675.61089	60.4079125031
14.5	41.916667	716.46279	70.36033878105
14.5	42	455.17288	51.59140754891
14.5	42.083333	229.43379	23.48454651919
14.5	42.166667	78.237825	5.022824333878
14.5	42.25	24.896499	-1.542746784722
14.5	44.5	19.099619	13.87822600307
14.5	44.666667	28.472231	13.64882313659
14.583333	40.666667	632.94886	124.8786059698
14.583333	40.75	111.07172	68.20374405283
14.583333	40.833333	107.10758	53.85206266428
14.583333	40.916667	276.86876	80.66584827642
14.583333	41	370.48348	71.19409921614
14.583333	41.083333	625.93141	95.50667229092
14.583333	41.166667	598.52861	85.91285441106
14.583333	41.25	331.91556	55.08120694095
14.583333	41.333333	919.96544	110.8219297404
14.583333	41.416667	876.24173	104.4554032102
14.583333	41.5	578.91336	54.54265662124
14.583333	41.583333	628.27486	48.82911786037
14.583333	41.666667	524.66333	35.00231511531
14.583333	41.75	645.90907	52.68523958559
14.583333	41.833333	532.08092	55.32409855444
14.583333	41.916667	430.55075	48.89528672347
14.583333	42	356.39518	49.51283581764
14.583333	42.083333	234.80856	31.19664927578
14.583333	42.166667	96.908729	13.54022699616
14.583333	44.666667	0	3.681754310136
14.666667	40.666667	406.25448	98.27689642901
14.666667	40.75	279.04102	89.80189789956
14.666667	40.833333	421.6093	92.58256359388
14.666667	40.916667	865.21248	132.976273116
14.666667	41	635.83567	98.3888107001
14.666667	41.083333	371.28297	65.2384630893
14.666667	41.166667	465.03846	71.49305751746
14.666667	41.25	363.75739	50.93426788427
14.666667	41.333333	667.85101	72.64104033915
14.666667	41.416667	646.74679	71.74676038417
14.666667	41.5	689.08211	64.75139567836
14.666667	41.583333	663.97434	53.93415917307
14.666667	41.666667	582.44581	43.54280220067
14.666667	41.75	638.42563	61.32476776806
14.666667	41.833333	505.19287	55.94974522172
14.666667	41.916667	298.6575	38.01821235836
14.666667	42	202.88447	29.79206310698
14.666667	42.083333	166.0143	25.09146145595
14.666667	42.166667	79.085573	13.40409106731
14.666667	45	244.77662	-3.997640197007
14.75	40.75	297.872	90.52566163614
14.75	40.833333	362.93249	85.72710730039
14.75	40.916667	625.62524	101.5992443772
14.75	41	562.4497	83.74572978305
14.75	41.083333	171.81619	34.80567784493
14.75	41.166667	213.81819	32.864676459
14.75	41.25	311.91971	35.4957782136
14.75	41.333333	512.74222	53.57449131207
14.75	41.416667	680.15574	67.12529424906
14.75	41.5	684.77102	55.41267663265
14.75	41.583333	599.45545	45.29837012068
14.75	41.666667	628.14945	51.37473833887
14.75	41.75	370.58895	41.26745588824
14.75	41.833333	447.74469	46.99762473308
14.75	41.916667	335.84682	44.46093219617
14.75	42	106.30164	18.22415472787
14.75	44.833333	19.899567	-8.695087205091
14.75	45	196.57355	-18.09119300749
14.833333	40.666667	132.72649	59.09917827793
14.833333	40.75	552.13152	103.0100157886
14.833333	40.833333	597.69304	104.396275878
14.833333	40.916667	366.33378	66.20538311886
14.833333	41	419.72832	60.59601557915
14.833333	41.083333	293.49213	43.53836256019
14.833333	41.166667	241.75642	32.4810929655
14.833333	41.25	401.47787	42.96994852417
14.833333	41.333333	614.98623	61.95600594214
14.833333	41.416667	825.56824	76.58401433055
14.833333	41.5	609.70669	41.69404925172
14.833333	41.583333	462.60273	27.30440272085
14.833333	41.666667	728.19916	61.61065840633
14.833333	41.75	370.52017	46.32489178196
14.833333	41.833333	286.34707	36.46198196599
14.833333	41.916667	208.36756	39.18688625646
14.833333	42	84.286267	23.52299412021
14.916667	40.25	37.330445	82.81778338972
14.916667	40.583333	18.484716	24.35352702701
14.916667	40.666667	107.7095	46.21062979027
14.916667	40.75	621.91101	104.4661102217
14.916667	40.833333	1012.8659	143.5417363677
14.916667	40.916667	684.31012	104.1554207692
14.916667	41	432.31032	65.77580487424
14.916667	41.083333	310.27503	47.01337226081
14.916667	41.166667	303.58068	39.98977583954
14.916667	41.25	547.39187	56.5532781259
14.916667	41.333333	715.31845	59.98939247807
14.916667	41.416667	694.22678	54.97340245846
14.916667	41.5	466.84792	26.56251296731
14.916667	41.583333	307.74356	18.39401516115
14.916667	41.666667	623.10648	62.3417914797
14.916667	41.75	513.36372	66.30232832965
14.916667	41.833333	183.84532	34.02104426211
14.916667	41.916667	72.957705	23.85505778282
14.916667	42	91.397865	24.88607219071
14.916667	44.166667	20.891327	11.88044699028
14.916667	44.583333	0	-15.61726862693
14.916667	44.75	605.59503	48.13207165419
14.916667	44.833333	632.32635	39.32797263584
14.916667	44.916667	292.09574	-5.139643983831
14.916667	45	364.47481	7.615352334689
15	40.25	356.97733	105.3816012666
15	40.333333	28.435222	62.90203935304
15	40.416667	23.961304	56.16307374616
15	40.5	65.415324	37.72347035902
15	40.583333	47.853488	27.75066594136
15	40.666667	288.00324	63.98272181087
15	40.75	724.65379	120.2988531039
15	40.833333	925.69701	138.3130371469
15	40.916667	687.20395	102.8876577584
15	41	439.36297	68.59573351985
15	41.083333	314.2864	44.47970342678
15	41.166667	360.00572	33.57924999836
15	41.25	593.28758	53.75078477243
15	41.333333	710.83153	54.45293139665
15	41.416667	494.84218	27.83883887965
15	41.5	481.7833	28.21549954035
15	41.583333	352.76668	30.60400073096
15	41.666667	314.20138	44.248397902
15	41.75	372.87793	59.51769421539
15	41.833333	152.04424	38.16150997675
15	41.916667	78.008951	27.75675159405
15	42	55.215261	29.08678498663
15	44.083333	0	10.38081486282
15	44.583333	353.29851	27.44720129115
15	44.666667	1066.6761	89.16838088755
15	44.75	1362.7722	115.0307098865
15	44.833333	1299.6103	99.03067406576
15	44.916667	836.54726	49.76452922758
15	45	728.19894	41.17953727185
15.083333	40.25	290.24976	90.61072346288
15.083333	40.333333	317.00743	94.10790536499
15.083333	40.416667	306.4443	87.8226701456
15.083333	40.5	38.140461	39.03688949052
15.083333	40.583333	28.472257	31.20826547764
15.083333	40.666667	671.82205	100.1148228944
15.083333	40.75	1263.2261	164.8888183913
15.083333	40.833333	930.71028	130.5560886232
15.083333	40.916667	547.39314	80.62803856674
15.083333	41	507.73038	76.7950214744
15.083333	41.083333	474.14832	60.84292144877
15.083333	41.166667	469.35538	36.89697785347
15.083333	41.25	588.98991	45.64331200019
15.083333	41.333333	805.05225	67.45345812007
15.083333	41.416667	604.72761	45.6023228514
15.083333	41.5	617.336	52.78960734607
15.083333	41.583333	494.31402	52.88771873158
15.083333	41.666667	179.30911	37.86492993694
15.083333	41.75	163.8083	47.01728533689
15.083333	41.833333	115.25637	45.25558708171
15.083333	41.916667	51.815553	38.04407575938
15.083333	44.583333	922.44329	76.41742244147
15.083333	44.666667	1315.7432	107.1548039521
15.083333	44.75	1218.3548	99.22843930692
15.083333	44.833333	1028.8393	75.1619395265
15.083333	44.916667	708.85655	42.43392408458
15.083333	45	604.71629	29.63551280111
15.166667	40.166667	28.054977	67.34453055319
15.166667	40.25	86.182641	67.78111413404
15.166667	40.333333	514.92335	103.0790016447
15.166667	40.416667	445.21153	91.11489760034
15.166667	40.5	257.01595	63.77331005893
15.166667	40.583333	147.40862	44.25566347592
15.166667	40.666667	431.59914	69.71725809723
15.166667	40.75	1085.4635	148.2236907218
15.166667	40.833333	876.17927	119.7191873125
15.166667	40.916667	674.69912	96.27413385314
15.166667	41	636.9067	92.99379588956
15.166667	41.083333	575.41179	66.14970025609
15.166667	41.166667	616.97724	52.2074926014
15.166667	41.25	627.57063	49.04222381388
15.166667	41.333333	792.06137	74.67933140788
15.166667	41.416667	592.86355	57.83485943187
15.166667	41.5	422.01004	50.24434509551
15.166667	41.583333	296.649	46.63438860568
15.166667	41.666667	130.59854	43.08965925812
15.166667	41.75	105.67069	50.67844933517
15.166667	41.833333	98.987734	52.47044680168
15.166667	41.916667	31.919165	43.3665430835
15.166667	43.916667	0	9.95316751542
15.166667	44.083333	40.611979	17.41083932405
15.166667	44.25	26.842589	10.88214250764
15.166667	44.333333	0	-9.761531148733
15.166667	44.5	674.27294	45.26383676939
15.166667	44.583333	988.94334	80.14363150544
15.166667	44.666667	792.23196	57.9135910824
15.166667	44.75	693.04455	38.84547331499
15.166667	44.833333	562.07805	18.20964937451
15.166667	44.916667	476.58159	16.02361619835
15.166667	45	563.45496	30.61760919572
15.25	40.166667	473.49047	103.2574182881
15.25	40.25	501.03291	108.685853268
15.25	40.333333	429.69945	89.19188564676
15.25	40.416667	250.59644	65.60826289981
15.25	40.5	741.72758	112.904039676
15.25	40.583333	463.19315	78.68942992975
15.25	40.666667	168.96931	34.46122907107
15.25	40.75	608.72621	94.22855815675
15.25	40.833333	515.5371	75.12660993303
15.25	40.916667	696.79437	94.9980876225
15.25	41	730.68891	95.56487232487
15.25	41.083333	621.68503	61.23583221527
15.25	41.166667	773.28478	71.5618906753
15.25	41.25	647.3749	62.95226894864
15.25	41.333333	497.29894	62.24500589394
15.25	41.416667	292.38412	43.56814057882
15.25	41.5	156.75441	33.70456216434
15.25	41.583333	90.344846	37.07182401698
15.25	41.666667	104.09048	53.31874057166
15.25	41.75	113.51328	63.28957497352
15.25	41.833333	74.99077	60.56875220075
15.25	41.916667	13.61131	48.56085159286
15.25	44.166667	33.359412	11.07131210283
15.25	44.25	56.015276	4.732539565744
15.25	44.333333	0	-20.80182262674
15.25	44.416667	558.28484	25.21499003105
15.25	44.5	911.38567	64.41443990894
15.25	44.583333	775.17192	55.15582414599
15.25	44.666667	531.08227	19.69629931633
15.25	44.75	680.13809	32.38211575951
15.25	44.833333	554.06366	18.30230701696
15.25	44.916667	583.88797	24.39622998551
15.25	45	794.87175	54.84216302385
15.333333	40.083333	330.97327	105.1878565292
15.333333	40.166667	637.93515	119.1088672611
15.333333	40.25	963.19599	149.140293556
15.333333	40.333333	669.369	113.4200349961
15.333333	40.416667	465.05257	87.33521964306
15.333333	40.5	1021.8929	136.0250744124
15.333333	40.583333	508.62404	81.9068470344
15.333333	40.666667	529.24023	78.40120530052
15.333333	40.75	1020.6689	128.8196792203
15.333333	40.833333	556.12829	76.92733730753
15.333333	40.916667	615.90793	73.42541547484
15.333333	41	811.17177	93.00691569454
15.333333	41.083333	636.33146	68.50743094358
15.333333	41.166667	703.29199	77.7773257191
15.333333	41.25	541.30957	67.67805027579
15.333333	41.333333	295.6509	49.02666544027
15.333333	41.416667	184.52292	43.66030571745
15.333333	41.5	164.26658	48.83482733362
15.333333	41.583333	136.51212	57.6807267656
15.333333	41.666667	120.75718	66.79615667586
15.333333	41.75	102.60054	74.29064261171
15.333333	41.833333	55.138414	69.27236073881
15.333333	41.916667	0	49.67512775398
15.333333	44.083333	18.936771	8.448656610582
15.333333	44.166667	155.82547	20.25559385004
15.333333	44.25	0	-16.34570372051
15.333333	44.416667	933.70316	64.03302008753
15.333333	44.5	729.87637	44.79543512765
15.333333	44.583333	555.04098	18.73691733802
15.333333	44.666667	590.14227	16.88883109043
15.333333	44.75	750.98912	38.36319441906
15.333333	44.833333	624.38434	32.82461936838
15.333333	44.916667	695.86993	44.8279810783
15.333333	45	813.41822	63.56261832554
15.416667	40	189.77194	83.85918913429
15.416667	40.083333	378.04408	101.1369378325
15.416667	40.166667	375.62247	88.36862758024
15.416667	40.25	1090.8539	158.8302596762
15.416667	40.333333	1158.0027	160.4421300824
15.416667	40.416667	870.42446	123.8883259902
15.416667	40.5	902.28601	121.1222363528
15.416667	40.583333	356.25964	54.36219910013
15.416667	40.666667	639.12108	90.41271762715
15.416667	40.75	1189.7736	149.2311832877
15.416667	40.833333	810.2031	107.373474242
15.416667	40.916667	558.98764	60.50263821233
15.416667	41	770.3121	84.94129689254
15.416667	41.083333	536.44264	67.76640389834
15.416667	41.166667	444.72401	61.59311767213
15.416667	41.25	355.53425	59.09313392678
15.416667	41.333333	250.92553	46.19489221405
15.416667	41.416667	204.87892	52.55842729586
15.416667	41.5	113.19771	55.03455253493
15.416667	41.583333	71.90543	64.36696178884
15.416667	41.666667	26.623528	63.94942451422
15.416667	41.75	39.591355	76.35320145205
15.416667	41.833333	60.60703	77.87693482939
15.416667	43.916667	0	8.353105064884
15.416667	44	46.805927	12.14921857677
15.416667	44.083333	106.82905	13.45346587591
15.416667	44.166667	152.60086	13.09578838349
15.416667	44.25	0	-30.87910229986
15.416667	44.333333	577.49133	31.17281211278
15.416667	44.416667	1153.7139	81.06802631982
15.416667	44.5	477.7127	10.43188660983
15.416667	44.583333	505.80489	7.119298567559
15.416667	44.666667	614.54336	24.72955913557
15.416667	44.75	702.40401	33.91973044771
15.416667	44.833333	770.24901	49.22918812564
15.416667	44.916667	855.11853	70.07953508058
15.416667	45	685.84746	62.38399149989
15.5	40.083333	192.59549	72.34540645218
15.5	40.166667	335.71837	71.63568611919
15.5	40.25	1031.715	147.5637798231
15.5	40.333333	1067.8073	150.876616479
15.5	40.416667	693.8181	97.20581408406
15.5	40.5	682.8231	94.12058132252
15.5	40.583333	571.92872	72.60821869473
15.5	40.666667	500.36655	68.50578864164
15.5	40.75	717.0338	100.2981243241
15.5	40.833333	824.73222	100.4711937146
15.5	40.916667	488.32031	56.94196488459
15.5	41	609.74761	74.95312358525
15.5	41.083333	407.60456	58.77084106203
15.5	41.166667	319.10291	54.24986927665
15.5	41.25	230.86684	55.91037357089
15.5	41.333333	148.19956	47.00093491543
15.5	41.416667	119.30033	54.54056210823
15.5	41.5	27.221397	50.09952838968
15.5	41.583333	10.591619	66.05419403662
15.5	41.666667	25.744541	71.05085745192
15.5	41.75	154.6058	98.19580999828
15.5	41.833333	119.51153	95.18610435872
15.5	43.916667	10.239236	6.585664195846
15.5	44	55.856992	10.68512756497
15.5	44.083333	158.9645	10.96761116433
15.5	44.166667	65.311742	-6.804331797738
15.5	44.25	120.55737	-20.30042157255
15.5	44.333333	952.8199	53.29710899158
15.5	44.416667	979.3736	58.46965299465
15.5	44.5	498.52105	6.182157517465
15.5	44.583333	856.93012	42.63759115766
15.5	44.666667	845.06183	49.08458902264
15.5	44.75	885.19232	56.03766248239
15.5	44.833333	949.4814	75.73686186308
15.5	44.916667	965.88414	83.76849586629
15.5	45	639.2039	59.91136669117
15.583333	40.083333	233.5882	70.1534547618
15.583333	40.166667	441.50972	83.59495302734
15.583333	40.25	755.15469	112.1819278595
15.583333	40.333333	676.98021	94.36815040758
15.583333	40.416667	610.37384	71.94535487951
15.583333	40.5	723.87794	89.51837587574
15.583333	40.583333	787.08365	95.06190914497
15.583333	40.666667	626.24945	78.44523502527
15.583333	40.75	637.11753	85.63119016838
15.583333	40.833333	743.24343	91.46689036683
15.583333	40.916667	494.43676	68.32213619408
15.583333	41	542.76453	78.63679705977
15.583333	41.083333	302.51718	57.20487309215
15.583333	41.166667	316.47804	66.25451686553
15.583333	41.25	205.35953	58.08385818646
15.583333	41.333333	101.66795	46.94735908402
15.583333	41.416667	68.312152	55.85464220346
15.583333	41.5	65.013389	61.12256049597
15.583333	41.583333	53.52562	79.20957706808
15.583333	41.666667	213.94685	100.2717981937
15.583333	41.75	582.75333	151.2210062534
15.583333	41.833333	325.22372	126.1382466227
15.583333	41.916667	0	87.04210294432
15.583333	43.833333	0	14.01275878674
15.583333	43.916667	123.10287	19.15164350272
15.583333	44	107.80112	11.58339221146
15.583333	44.083333	230.34366	12.48020507472
15.583333	44.166667	63.120206	-15.39933560117
15.583333	44.25	370.68098	0.1152287845585
15.583333	44.333333	928.21917	48.47705385007
15.583333	44.416667	580.4651	16.96508606965
15.583333	44.5	633.66661	19.84063653175
15.583333	44.583333	989.55004	53.03958271714
15.583333	44.666667	865.96934	45.08210147609
15.583333	44.75	965.82438	69.4478439268
15.583333	44.833333	812.41676	75.33147982564
15.583333	44.916667	728.90892	64.62159323455
15.583333	45	539.21761	49.30473487743
15.666667	40.083333	641.14492	102.0283149746
15.666667	40.166667	715.36888	110.5141720453
15.666667	40.25	731.29793	96.94569271925
15.666667	40.333333	714.41217	83.75873491193
15.666667	40.416667	1025.6708	116.9542109761
15.666667	40.5	1001.7984	114.4040635003
15.666667	40.583333	755.87719	89.6934933607
15.666667	40.666667	782.30288	94.58579186052
15.666667	40.75	858.214	115.3883859997
15.666667	40.833333	642.36048	92.68970374805
15.666667	40.916667	573.15054	81.68165904276
15.666667	41	507.90537	79.47714454168
15.666667	41.083333	191.88259	51.46305620816
15.666667	41.166667	302.08894	73.15232531298
15.666667	41.25	177.90347	60.30713846759
15.666667	41.333333	111.97903	51.21971959348
15.666667	41.416667	38.678828	54.1362453637
15.666667	41.5	50.560857	67.00695128465
15.666667	41.583333	0	74.29440193683
15.666667	41.666667	322.98072	117.2640976941
15.666667	41.75	888.33315	186.5068135958
15.666667	41.833333	416.76805	143.7403829618
15.666667	41.916667	42.3258	93.04495883793
15.666667	43.833333	41.885433	9.708049958412
15.666667	43.916667	166.74446	15.98211462763
15.666667	44	151.61134	4.52791055725
15.666667	44.083333	379.02757	21.29691158963
15.666667	44.166667	164.14944	-11.30338801136
15.666667	44.25	551.76859	13.37445719951
15.666667	44.333333	828.54646	39.91533689192
15.666667	44.416667	576.16284	12.9597001024
15.666667	44.5	750.1826	29.93868946977
15.666667	44.583333	648.53842	21.63936672765
15.666667	44.666667	586.37506	21.23371116607
15.666667	44.75	878.47858	65.61921933042
15.666667	44.833333	690.56587	56.74701011316
15.666667	44.916667	466.32403	38.51181056884
15.666667	45	380.74873	36.69824119346
15.75	40	402.6153	88.87577064627
15.75	40.083333	740.35672	112.5010727478
15.75	40.166667	1042.053	133.6132495119
15.75	40.25	932.32084	113.4706083954
15.75	40.333333	799.39276	91.62060398289
15.75	40.416667	1142.8115	131.7063524359
15.75	40.5	1155.4609	129.7376474652
15.75	40.583333	927.63539	108.5558818085
15.75	40.666667	873.24943	104.3080505131
15.75	40.75	928.00228	120.0663025928
15.75	40.833333	667.10239	96.67852128956
15.75	40.916667	620.57062	91.88002619531
15.75	41	362.202	73.23876897658
15.75	41.083333	148.2651	54.53825150372
15.75	41.166667	272.66775	76.09136194766
15.75	41.25	123.87388	64.78468662188
15.75	41.333333	70.790891	58.87892873258
15.75	41.416667	0	54.67540994317
15.75	41.5	39.747347	71.38073239012
15.75	41.583333	0	72.5814024328
15.75	41.666667	364.77955	127.9127926203
15.75	41.75	808.64351	184.7833888247
15.75	41.833333	203.51543	127.1324231711
15.75	41.916667	0	94.76476084647
15.75	43.833333	51.902889	8.996576284304
15.75	43.916667	158.7496	12.29601934689
15.75	44	217.50405	6.912434566431
15.75	44.083333	492.52516	28.02426441519
15.75	44.166667	245.11263	-9.46723845896
15.75	44.25	643.46511	19.29207344791
15.75	44.333333	747.73824	28.42272795505
15.75	44.416667	738.12043	26.72171028983
15.75	44.5	869.01292	44.01733551305
15.75	44.583333	738.90642	34.28740380329
15.75	44.666667	856.08246	57.65865771519
15.75	44.75	921.04063	70.21099805229
15.75	44.833333	676.69815	46.18799483325
15.75	44.916667	354.24496	28.7546936006
15.75	45	288.2364	28.60182663724
15.833333	39.666667	227.27501	116.4903123859
15.833333	39.75	67.69024	91.53875564838
15.833333	39.833333	299.40609	104.8118780787
15.833333	39.916667	660.89549	128.2530043193
15.833333	40	654.59478	114.5469266364
15.833333	40.083333	754.41041	112.8358846236
15.833333	40.166667	1150.6781	133.7687803835
15.833333	40.25	825.72656	102.1018345995
15.833333	40.333333	746.3372	76.87223997461
15.833333	40.416667	1044.1919	106.3115347371
15.833333	40.5	1010.5261	111.0212243699
15.833333	40.583333	1022.0597	123.2589468446
15.833333	40.666667	847.26032	106.450724766
15.833333	40.75	824.15823	108.2145663251
15.833333	40.833333	720.63753	105.4032584621
15.833333	40.916667	566.69628	96.33394353656
15.833333	41	288.49364	73.10840703756
15.833333	41.083333	214.64644	73.6002145084
15.833333	41.166667	182.70738	75.79733174659
15.833333	41.25	125.71178	67.53330981404
15.833333	41.333333	62.901007	61.77720964367
15.833333	41.416667	1.7825095	59.21010641323
15.833333	41.5	42.973409	77.13096152759
15.833333	41.583333	24.358521	81.44707777422
15.833333	41.666667	381.4961	136.2276942526
15.833333	41.75	696.29901	176.138080578
15.833333	41.833333	185.50939	124.7538190821
15.833333	41.916667	12.564909	102.0481219486
15.833333	43.75	29.588267	11.86041138403
15.833333	43.833333	92.194746	10.65061131307
15.833333	43.916667	194.21772	10.6998980371
15.833333	44	262.89599	8.715332786657
15.833333	44.083333	387.53907	14.32484931385
15.833333	44.166667	220.94768	-19.15712139358
15.833333	44.25	679.22452	21.03093083292
15.833333	44.333333	644.04777	16.03613202654
15.833333	44.416667	751.34571	34.40394760315
15.833333	44.5	958.65252	62.0526173817
15.833333	44.583333	1157.6927	79.74773892929
15.833333	44.666667	1204.4552	90.99060820343
15.833333	44.75	707.79505	49.66729581088
15.833333	44.833333	374.48864	20.50895356547
15.833333	44.916667	243.67896	17.87489408684
15.833333	45	319.23135	30.92673251093
15.916667	39.583333	474.56905	157.0632467546
15.916667	39.666667	881.15311	178.4282726865
15.916667	39.75	628.66484	153.0616422514
15.916667	39.833333	558.40926	122.1691806006
15.916667	39.916667	691.45372	124.9298704042
15.916667	40	757.14398	112.0871828325
15.916667	40.083333	1028.1126	126.3880277341
15.916667	40.166667	1177.8734	129.4896752079
15.916667	40.25	690.34095	77.51327218593
15.916667	40.333333	841.08551	83.0285786348
15.916667	40.416667	1130.5529	111.1810591064
15.916667	40.5	812.23916	84.93533934164
15.916667	40.583333	818.79094	97.39731542222
15.916667	40.666667	766.21753	94.50200933401
15.916667	40.75	636.72603	92.27744264919
15.916667	40.833333	571.7351	94.39344117883
15.916667	40.916667	470.29169	84.78592984389
15.916667	41	340.56397	75.72556757349
15.916667	41.083333	254.47846	81.77474432181
15.916667	41.166667	65.9135	68.56336240926
15.916667	41.25	144.93797	74.71007654036
15.916667	41.333333	51.358157	67.75571382835
15.916667	41.416667	4.1668329	65.43091676345
15.916667	41.5	0	70.75096449345
15.916667	41.666667	286.2366	124.2963263484
15.916667	41.75	745.89732	188.1924033038
15.916667	41.833333	521.00957	172.0159672738
15.916667	41.916667	196.32902	121.978365206
15.916667	43.75	86.546946	6.488337240462
15.916667	43.833333	95.079295	0.490073663606
15.916667	43.916667	179.60531	0.237321148866
15.916667	44	231.57764	-2.519221012953
15.916667	44.083333	235.07433	-8.820925464015
15.916667	44.166667	275.50138	-20.20419167135
15.916667	44.25	752.03965	25.70447786816
15.916667	44.333333	788.78006	30.23402473072
15.916667	44.416667	981.03743	57.43939987557
15.916667	44.5	1004.2577	65.87391257789
15.916667	44.583333	990.61539	71.42379177765
15.916667	44.666667	828.89844	63.75970024894
15.916667	44.75	422.90467	18.63369950144
15.916667	44.833333	267.92105	14.98953150314
15.916667	44.916667	314.83125	23.58089202001
15.916667	45	418.53778	45.18015058945
16	39.5	567.97693	162.7571753136
16	39.583333	670.38978	164.6059033808
16	39.666667	909.14433	171.4803623573
16	39.75	1295.2121	199.7884060685
16	39.833333	1114.3362	161.6274671811
16	39.916667	613.66781	101.9568951627
16	40	584.25037	77.13528892292
16	40.083333	961.66355	114.1215055263
16	40.166667	1072.6168	117.457315609
16	40.25	760.33064	70.20919522525
16	40.333333	814.68963	78.80036302037
16	40.416667	1057.1015	108.4185293093
16	40.5	806.4429	78.29625992706
16	40.583333	718.26973	78.21085715545
16	40.666667	743.5137	89.01625326203
16	40.75	477.6831	77.93754746181
16	40.833333	436.88255	76.96836308018
16	40.916667	461.81862	82.35769766571
16	41	338.65232	84.77030183407
16	41.083333	255.40169	88.06139830231
16	41.166667	95.484591	74.27767738317
16	41.25	120.21562	84.17370573568
16	41.333333	0	74.24702363323
16	41.416667	16.482923	73.3532737927
16	41.666667	124.14524	100.6407689781
16	41.75	699.92378	190.2761645949
16	41.833333	666.81665	197.8177434411
16	41.916667	173.87188	127.0489091249
16	43.5	0	7.979233364885
16	43.583333	231.83587	28.92978182292
16	43.666667	124.25382	6.395974980222
16	43.75	170.53319	13.4761861414
16	43.833333	159.24176	5.208970456216
16	43.916667	211.93069	5.76004914965
16	44	253.68446	-2.489985637055
16	44.083333	302.32548	-6.369454728095
16	44.166667	538.6459	5.635723198694
16	44.25	827.52719	33.61526761818
16	44.333333	927.95152	43.68298781827
16	44.416667	1060.2971	60.04907731878
16	44.5	840.66038	44.84284964814
16	44.583333	566.39102	26.38030024524
16	44.666667	556.5082	36.56461924137
16	44.75	719.76229	54.81413264334
16	44.833333	612.44892	56.93137656184
16	44.916667	432.3958	41.62675796984
16	45	403.32362	51.65454666791
16.083333	39.166667	305.46905	145.6087555141
16.083333	39.25	465.58881	161.4469632683
16.083333	39.333333	642.96285	167.2629066068
16.083333	39.416667	743.85338	172.077925709
16.083333	39.5	766.12165	165.8453506151
16.083333	39.583333	412.16107	104.7897998317
16.083333	39.666667	328.02896	79.77723615529
16.083333	39.75	1089.2994	157.1046661541
16.083333	39.833333	1257.5493	161.4473771722
16.083333	39.916667	1036.3111	130.651860057
16.083333	40	746.45394	88.21099480585
16.083333	40.083333	693.81125	73.55615417168
16.083333	40.166667	825.21994	71.05357829058
16.083333	40.25	735.36848	48.96533068202
16.083333	40.333333	628.38802	39.7776705686
16.083333	40.416667	906.7282	77.05433109475
16.083333	40.5	887.34542	81.73571358476
16.083333	40.583333	657.07815	77.20425037885
16.083333	40.666667	562.60884	80.40674601233
16.083333	40.75	318.25366	68.19787468562
16.083333	40.833333	396.98564	77.33079988181
16.083333	40.916667	451.87205	90.51560757722
16.083333	41	362.99502	97.99030724977
16.083333	41.083333	396.12502	110.4432846969
16.083333	41.166667	238.51006	95.25947085933
16.083333	41.25	93.514526	86.30839971886
16.083333	41.333333	4.0581311	73.74538923202
16.083333	41.75	422.11917	161.137515107
16.083333	41.833333	455.66701	173.3250902987
16.083333	41.916667	38.561864	118.1798293292
16.083333	43.5	102.31599	18.46500420406
16.083333	43.583333	391.52498	32.88473841359
16.083333	43.666667	189.6664	12.82403872374
16.083333	43.75	385.63847	32.98434797898
16.083333	43.833333	283.37159	10.29053415493
16.083333	43.916667	333.36225	12.79969012717
16.083333	44	281.85237	-4.181498863076
16.083333	44.083333	353.28648	-4.870555305381
16.083333	44.166667	698.56896	18.58214405122
16.083333	44.25	857.61622	35.31188474302
16.083333	44.333333	800.57792	30.76850796653
16.083333	44.416667	644.22229	21.68951972621
16.083333	44.5	601.38762	28.5276311228
16.083333	44.583333	547.67004	23.25349904133
16.083333	44.666667	757.76288	55.86009459311
16.083333	44.75	970.1208	85.16324985699
16.083333	44.833333	622.06914	62.07615272142
16.083333	44.916667	301.65939	33.45729397193
16.083333	45	310.31945	44.10384680327
16.166667	39.083333	361.2084	145.4833205896
16.166667	39.166667	842.73087	192.4722773857
16.166667	39.25	920.60723	196.0303812325
16.166667	39.333333	547.076	140.8181083633
16.166667	39.416667	376.76905	107.681463918
16.166667	39.5	235.62096	75.15350323803
16.166667	39.583333	135.44841	34.98471377608
16.166667	39.666667	90.561488	13.05175618995
16.166667	39.75	385.52725	51.24483384034
16.166667	39.833333	758.60411	100.9931959603
16.166667	39.916667	1459.2309	158.5596512893
16.166667	40	1137.0711	127.6089217999
16.166667	40.083333	621.96457	43.35382773331
16.166667	40.166667	611.04998	16.25605138855
16.166667	40.25	535.97249	11.99437431278
16.166667	40.333333	508.82101	13.55263974396
16.166667	40.416667	820.00645	62.84930688309
16.166667	40.5	756.43865	74.34789044698
16.166667	40.583333	499.2277	63.86726663337
16.166667	40.666667	382.13694	65.05851156628
16.166667	40.75	269.20658	66.63116871675
16.166667	40.833333	330.68828	76.83394734759
16.166667	40.916667	369.10523	88.37255240639
16.166667	41	505.49379	110.4583607166
16.166667	41.083333	542.71657	126.8126729695
16.166667	41.166667	268.90981	103.4216916853
16.166667	41.25	90.80713	89.00125236107
16.166667	41.333333	21.715251	78.48291243828
16.166667	41.833333	152.40033	138.1956483073
16.166667	43.5	123.87363	7.686985702549
16.166667	43.583333	352.13126	21.21998372075
16.166667	43.666667	328.63163	21.94910184325
16.166667	43.75	434.16729	23.97615118817
16.166667	43.833333	236.70925	-4.112181645333
16.166667	43.916667	430.96862	10.75700875006
16.166667	44	266.22842	-14.40968280164
16.166667	44.083333	330.64866	-13.68658990657
16.166667	44.166667	627.35791	4.649843401872
16.166667	44.25	929.10809	36.62069254418
16.166667	44.333333	795.48905	30.22614088533
16.166667	44.416667	516.04842	10.95652156682
16.166667	44.5	788.72568	55.92534515664
16.166667	44.583333	706.76932	46.7667249211
16.166667	44.666667	797.7223	65.71355882787
16.166667	44.75	717.87174	64.60600648257
16.166667	44.833333	330.3561	27.17913664476
16.166667	44.916667	243.01043	23.06285089819
16.166667	45	295.03449	39.08735131599
16.25	39.083333	619.33027	155.9609050837
16.25	39.166667	719.91185	159.8098167673
16.25	39.25	537.26228	139.6314685421
16.25	39.333333	128.82535	71.93531344818
16.25	39.416667	179.08277	59.82902658612
16.25	39.5	86.30055	36.99558095303
16.25	39.583333	188.68616	35.68604553248
16.25	39.666667	202.59147	22.22150631308
16.25	39.75	152.44043	5.163513007567
16.25	39.833333	603.97402	63.16071246086
16.25	39.916667	1492.0436	151.9309720218
16.25	40	1100.9691	117.4014183947
16.25	40.083333	504.75295	14.51432406476
16.25	40.166667	420.93742	-10.20928482589
16.25	40.25	375.2118	-9.650090018987
16.25	40.333333	367.96629	2.328718824884
16.25	40.416667	534.36264	43.72681195974
16.25	40.5	438.66417	48.19101959583
16.25	40.583333	386.37636	58.12168265535
16.25	40.666667	337.05377	66.54758188276
16.25	40.75	322.8022	75.94077499693
16.25	40.833333	323.50188	78.51262474148
16.25	40.916667	409.45721	96.87639481655
16.25	41	607.81863	124.4837519838
16.25	41.083333	476.53417	121.2912205579
16.25	41.166667	220.07114	94.80830945723
16.25	41.25	114.0336	92.24199199078
16.25	41.333333	0	80.88143108509
16.25	43.583333	306.17136	10.96172084818
16.25	43.666667	397.94959	17.45629044816
16.25	43.75	296.33612	3.608516079012
16.25	43.833333	364.09153	12.64174329467
16.25	43.916667	585.07215	20.52677174884
16.25	44	360.68593	-8.644995702234
16.25	44.083333	608.66872	10.76869533883
16.25	44.166667	672.16851	9.612183230168
16.25	44.25	1032.2975	48.93592531552
16.25	44.333333	883.47749	47.91349828217
16.25	44.416667	759.14381	43.51019259943
16.25	44.5	1088.1872	81.73150354818
16.25	44.583333	707.20631	49.68173730937
16.25	44.666667	817.20138	72.89865835887
16.25	44.75	669.50092	58.13068115277
16.25	44.833333	340.99763	30.29441040869
16.25	44.916667	334.2175	35.91177992064
16.25	45	261.08057	36.47896903924
16.333333	39.083333	760.68441	157.2153901417
16.333333	39.166667	660.2317	138.9148773775
16.333333	39.25	729.97558	143.1613692727
16.333333	39.333333	789.96012	136.7156116356
16.333333	39.416667	835.55917	130.6150031068
16.333333	39.5	596.29802	100.3994789562
16.333333	39.583333	349.12972	61.63075154895
16.333333	39.666667	100.23072	12.4578263323
16.333333	39.75	108.0295	-2.586137848049
16.333333	39.833333	648.66487	59.57029924826
16.333333	39.916667	1209.3568	122.4438654615
16.333333	40	860.08043	74.98716224408
16.333333	40.083333	424.99875	-4.367535752081
16.333333	40.166667	326.16714	-7.484845224326
16.333333	40.25	373.88815	2.956000931498
16.333333	40.333333	256.41994	4.127848855262
16.333333	40.416667	255.29714	17.63724027217
16.333333	40.5	299.58079	38.74444900642
16.333333	40.583333	343.64629	67.9865430314
16.333333	40.666667	221.4681	61.63731991808
16.333333	40.75	298.58478	80.43097346011
16.333333	40.833333	374.1792	90.59622371268
16.333333	40.916667	545.65831	113.0376340601
16.333333	41	579.2066	124.0587524649
16.333333	41.083333	368.50058	107.2184110084
16.333333	41.166667	236.5511	95.7455260977
16.333333	41.25	105.04212	91.50347060007
16.333333	43.166667	23.214412	20.43788059893
16.333333	43.5	0	-18.04156049001
16.333333	43.583333	362.66356	6.78471830895
16.333333	43.666667	399.26728	9.559182672092
16.333333	43.75	451.81149	18.6145124049
16.333333	43.833333	782.54797	40.3375855905
16.333333	43.916667	588.41336	7.250958798011
16.333333	44	486.21651	-4.062101315938
16.333333	44.083333	1005.3886	43.95212097066
16.333333	44.166667	868.58509	38.56327569149
16.333333	44.25	1100.4487	62.72148491089
16.333333	44.333333	829.82	48.13797511147
16.333333	44.416667	836.31869	55.71553487602
16.333333	44.5	979.69189	75.56461033946
16.333333	44.583333	672.55098	47.61913780005
16.333333	44.666667	1033.8846	93.31185549968
16.333333	44.75	794.38889	74.0536605111
16.333333	44.833333	411.95181	46.84694741126
16.333333	44.916667	265.2277	34.14433862137
16.333333	45	195.34723	32.13414883607
16.416667	39.083333	969.60709	166.7939229366
16.416667	39.166667	1086.7994	176.4607762057
16.416667	39.25	1402.7372	201.9871809368
16.416667	39.333333	1463.2387	195.4838269882
16.416667	39.416667	1111.2367	155.1065186028
16.416667	39.5	870.9659	118.3328215498
16.416667	39.583333	389.78147	56.61238090369
16.416667	39.666667	19.270126	-19.50456676489
16.416667	39.75	0	-39.6456811389
16.416667	39.833333	339.79744	15.56387919486
16.416667	39.916667	782.3859	74.22812047952
16.416667	40	702.95582	51.74884763317
16.416667	40.083333	492.41655	18.10885846556
16.416667	40.166667	360.52463	10.47173092505
16.416667	40.25	354.36422	19.09531561193
16.416667	40.333333	204.88123	16.65229082839
16.416667	40.416667	154.97497	19.18996588781
16.416667	40.5	307.2541	53.77193402154
16.416667	40.583333	317.01383	69.65549757485
16.416667	40.666667	177.45896	55.2524961952
16.416667	40.75	331.76214	89.06804093218
16.416667	40.833333	386.61381	100.7692986656
16.416667	40.916667	532.80078	115.9612062201
16.416667	41	462.05742	111.4630431479
16.416667	41.083333	326.39381	101.2004325888
16.416667	41.166667	221.15564	101.787770296
16.416667	41.25	26.763658	87.3023972666
16.416667	43.583333	301.0196	-9.08729708442
16.416667	43.666667	457.84418	12.71342098867
16.416667	43.75	784.95777	42.83501685229
16.416667	43.833333	811.8002	26.61877338177
16.416667	43.916667	446.39161	-14.80557240647
16.416667	44	780.51692	22.11668195766
16.416667	44.083333	1168.1747	58.55040218972
16.416667	44.166667	969.96911	53.59742862101
16.416667	44.25	1093.1614	64.10070276086
16.416667	44.333333	842.79303	44.44880331054
16.416667	44.416667	1006.1556	68.58883896737
16.416667	44.5	912.12741	73.98744955012
16.416667	44.583333	839.05859	69.32319656183
16.416667	44.666667	1088.1267	99.48459282416
16.416667	44.75	609.41206	60.2533378359
16.416667	44.833333	386.59674	42.29146899473
16.416667	44.916667	214.26504	24.5920202385
16.416667	45	204.74625	34.94888387863
16.5	39.083333	1080.0007	168.3467040586
16.5	39.166667	1326.104	194.8941212845
16.5	39.25	1477.5989	204.2931552802
16.5	39.333333	1417.0343	185.0781003098
16.5	39.416667	1101.4776	139.3634327481
16.5	39.5	995.49525	113.1076190205
16.5	39.583333	349.13825	40.17872866449
16.5	39.666667	36.402786	-34.43282588798
16.5	39.833333	33.348322	-42.08767336635
16.5	39.916667	432.40705	20.52509359007
16.5	40	457.24983	29.23725768138
16.5	40.083333	431.57955	33.40705479555
16.5	40.166667	326.95204	11.61812577237
16.5	40.25	193.64444	4.954329455487
16.5	40.333333	136.89967	9.859692562841
16.5	40.416667	100.89255	25.16213707526
16.5	40.5	226.48244	57.59759030592
16.5	40.583333	211.00573	66.19591065586
16.5	40.666667	221.07943	75.08939651153
16.5	40.75	402.51307	103.0255870539
16.5	40.833333	385.22093	104.281693673
16.5	40.916667	466.96539	117.2208839717
16.5	41	365.01356	108.6078549729
16.5	41.083333	255.63685	98.20642637397
16.5	41.166667	135.60488	92.53287343558
16.5	41.25	0	78.6767472583
16.5	43.166667	94.032374	25.54808191952
16.5	43.333333	227.77104	26.25049016807
16.5	43.583333	318.82589	-9.779339806926
16.5	43.666667	613.20188	24.04344709621
16.5	43.75	815.7498	36.16500608814
16.5	43.833333	572.9711	4.315044859915
16.5	43.916667	787.74176	29.71646432197
16.5	44	1300.7972	68.38177080404
16.5	44.083333	1186.0418	61.70668441268
16.5	44.166667	1063.3898	58.98245674096
16.5	44.25	996.42935	56.58521098244
16.5	44.333333	908.44906	54.338346993
16.5	44.416667	1258.583	94.50203718906
16.5	44.5	1045.1585	86.84264365275
16.5	44.583333	1023.7308	87.25592715617
16.5	44.666667	924.3843	85.24007620192
16.5	44.75	412.01999	37.88266206666
16.5	44.833333	452.77585	46.29901405213
16.5	44.916667	304.45834	37.61878131172
16.5	45	203.10742	38.74403957553
16.583333	39.083333	1295.2385	193.4995672679
16.583333	39.166667	1493.3928	211.2388077027
16.583333	39.25	1398.2845	187.6937904351
16.583333	39.333333	1437.7604	174.124150265
16.583333	39.416667	1302.3233	147.1790975863
16.583333	39.5	1022.2616	111.4750881024
16.583333	39.583333	260.02447	17.88273967094
16.583333	39.916667	106.00742	-22.86935545044
16.583333	40	126.43793	-12.34269459012
16.583333	40.083333	189.45673	4.548998832909
16.583333	40.166667	136.08529	-10.36981653719
16.583333	40.25	52.389057	-8.592176123479
16.583333	40.333333	119.76763	9.358001231696
16.583333	40.416667	132.76582	35.21994096527
16.583333	40.5	190.50953	59.13386241474
16.583333	40.583333	127.36123	72.49240880984
16.583333	40.666667	252.19148	90.86663210756
16.583333	40.75	369.15571	100.2971833147
16.583333	40.833333	406.04014	108.4046728208
16.583333	40.916667	471.73861	119.0311343898
16.583333	41	317.99367	105.2515693237
16.583333	41.083333	188.1255	93.96349385931
16.583333	41.166667	81.827145	86.83458107228
16.583333	43.166667	142.39212	25.69685313905
16.583333	43.333333	378.31137	30.97203002902
16.583333	43.5	359.35842	0.2715861832314
16.583333	43.583333	537.71022	12.67127911699
16.583333	43.666667	553.48727	8.191317183304
16.583333	43.75	528.22895	-2.733052910742
16.583333	43.833333	681.1618	14.91179255542
16.583333	43.916667	1236.8518	63.14114167889
16.583333	44	1245.0599	57.15406251454
16.583333	44.083333	1076.2648	48.86260643726
16.583333	44.166667	1227.6104	70.8851257663
16.583333	44.25	992.21672	60.4406826346
16.583333	44.333333	1012.318	70.56237870611
16.583333	44.416667	1235.1358	103.2676864968
16.583333	44.5	963.81277	79.614715637
16.583333	44.583333	860.50521	71.3145454819
16.583333	44.666667	651.38159	58.05304693638
16.583333	44.75	344.56806	28.61182069545
16.583333	44.833333	397.38029	42.98493634476
16.583333	44.916667	280.56062	41.89527931633
16.583333	45	179.39478	36.34363827754
16.666667	39.083333	1479.2851	209.5697548452
16.666667	39.166667	1486.6703	199.6188091933
16.666667	39.25	1253.5288	161.4599880607
16.666667	39.333333	1334.1278	161.7114289095
16.666667	39.416667	1100.9003	130.1596348744
16.666667	39.5	597.8243	71.79996005533
16.666667	39.583333	169.76225	-8.361881507923
16.666667	40.166667	0	-23.1930918277
16.666667	40.25	50.74609	-0.9172810038649
16.666667	40.333333	97.439014	20.7350321574
16.666667	40.416667	116.19581	42.62079341242
16.666667	40.5	166.92117	62.05380047692
16.666667	40.583333	192.82981	86.55352904601
16.666667	40.666667	386.57101	100.0857940832
16.666667	40.75	379.56971	102.1795149473
16.666667	40.833333	443.87452	119.9653493371
16.666667	40.916667	412.08835	114.4837838508
16.666667	41	231.5368	97.18735832713
16.666667	41.083333	155.2236	93.6020984124
16.666667	41.166667	41.273051	91.09613001854
16.666667	43.166667	25.435369	9.449701077813
16.666667	43.333333	346.53286	25.85496627283
16.666667	43.5	616.00728	22.90514764667
16.666667	43.583333	488.20172	6.004378334445
16.666667	43.666667	227.8587	-37.81614360303
16.666667	43.75	365.38014	-26.33781264318
16.666667	43.833333	921.81049	34.82016329777
16.666667	43.916667	1058.6933	42.14064516681
16.666667	44	781.3096	8.248905780306
16.666667	44.083333	1034.2485	44.61126100228
16.666667	44.166667	1240.3482	77.39790577492
16.666667	44.25	1135.5811	79.0506504929
16.666667	44.333333	1223.0792	88.91446212704
16.666667	44.416667	1107.4788	94.28144367973
16.666667	44.5	793.8468	61.49214740336
16.666667	44.583333	516.76431	37.59434957296
16.666667	44.666667	363.47977	27.68180050232
16.666667	44.75	257.97323	20.49305881133
16.666667	44.833333	252.25075	26.2691802682
16.666667	44.916667	180.37637	28.41852210498
16.666667	45	204.07167	36.97837133991
16.75	39.083333	914.03666	151.6910151439
16.75	39.166667	777.90641	116.5026081948
16.75	39.25	713.00973	99.83804850204
16.75	39.333333	947.86182	124.4218118289
16.75	39.416667	775.88097	95.8477950963
16.75	39.5	279.61622	33.12327886498
16.75	39.583333	104.29113	-19.90445233933
16.75	40.25	35.522408	0.2620614418802
16.75	40.333333	35.12447	18.98611760307
16.75	40.416667	34.131899	37.93293901744
16.75	40.5	53.086429	56.97724380109
16.75	40.583333	243.11303	94.9794661107
16.75	40.666667	441.0737	114.3141969175
16.75	40.75	409.08377	114.8911916669
16.75	40.833333	461.58847	122.5683949198
16.75	40.916667	318.2426	108.8696785269
16.75	41	166.19248	99.38729816223
16.75	41.083333	109.62868	92.79616841784
16.75	42.916667	98.628218	42.40535781399
16.75	43.333333	254.33983	13.94304121032
16.75	43.416667	84.791493	-27.35217085661
16.75	43.5	570.67564	14.09938547692
16.75	43.583333	323.66916	-14.09433334345
16.75	43.666667	375.99125	-23.65617920255
16.75	43.75	719.47222	12.57593076147
16.75	43.833333	997.61247	40.64907867729
16.75	43.916667	862.66744	27.10866344717
16.75	44	1009.8298	37.11924231755
16.75	44.083333	1163.1733	61.21328375919
16.75	44.166667	1051.1549	63.25724745455
16.75	44.25	1199.6694	85.94773969079
16.75	44.333333	1121.8202	82.3547230377
16.75	44.416667	875.14655	67.9542355817
16.75	44.5	664.43628	45.14255803478
16.75	44.583333	359.86273	21.34712639013
16.75	44.666667	346.48811	24.85472748486
16.75	44.75	312.00965	31.97619431621
16.75	44.833333	295.77546	34.14006220694
16.75	44.916667	131.72606	24.15707454944
16.75	45	244.37091	43.88550233312
16.833333	39.083333	217.68955	60.02726366088
16.833333	39.166667	182.51173	44.82110038229
16.833333	39.25	359.95873	66.4464628688
16.833333	39.333333	659.60815	93.91440514026
16.833333	39.416667	610.67214	82.96231585199
16.833333	39.5	276.03152	29.43099692843
16.833333	40.416667	56.372681	45.91810806911
16.833333	40.5	28.015136	61.4680737975
16.833333	40.583333	211.75504	90.89198755827
16.833333	40.666667	319.43409	111.8729761473
16.833333	40.75	366.40479	112.8071422276
16.833333	40.833333	402.50289	114.1186255882
16.833333	40.916667	273.64582	108.1254221326
16.833333	41	173.06851	102.3918441341
16.833333	41.083333	44.99454	90.46782776565
16.833333	42.75	45.595876	55.5793797167
16.833333	42.916667	100.25241	46.89755711667
16.833333	43.333333	71.085221	-12.11910818277
16.833333	43.416667	108.98562	-31.88393806504
16.833333	43.5	457.86016	2.965773122732
16.833333	43.583333	519.63179	7.67830513535
16.833333	43.666667	978.86531	41.28112233186
16.833333	43.75	1097.9471	44.32433114658
16.833333	43.833333	869.23933	17.13345630971
16.833333	43.916667	989.7112	37.51399621645
16.833333	44	1385.6904	76.06596842802
16.833333	44.083333	1034.0053	54.38123425758
16.833333	44.166667	1019.1697	56.17700054845
16.833333	44.25	1186.2085	81.23477387993
16.833333	44.333333	731.07382	45.07768015216
16.833333	44.416667	632.29487	35.80893252231
16.833333	44.5	548.09998	34.04170160604
16.833333	44.583333	458.32265	36.24341244919
16.833333	44.666667	563.69684	50.55376764833
16.833333	44.75	421.11399	48.49055338347
16.833333	44.833333	311.71169	41.04571856143
16.833333	44.916667	102.05412	22.90738330704
16.833333	45	390.92207	58.5602916054
16.916667	39.083333	145.55066	45.08575689428
16.916667	39.166667	138.87334	47.5800179446
16.916667	39.25	270.54413	63.33335722193
16.916667	39.333333	372.68876	68.0937048898
16.916667	39.416667	266.60356	54.17052367616
16.916667	39.5	139.87928	3.712791489718
16.916667	40.5	26.715922	67.845477035
16.916667	40.583333	133.8677	84.75791955913
16.916667	40.666667	253.42304	104.169890828
16.916667	40.75	360.78597	113.0383284204
16.916667	40.833333	323.56216	117.1074800491
16.916667	40.916667	242.73899	113.2989656087
16.916667	41	159.05896	101.3879359212
16.916667	41.083333	10.736226	93.56954009228
16.916667	42.75	26.96171	54.18351110897
16.916667	42.916667	112.59632	46.45251809112
16.916667	43.416667	276.34834	-11.48232052159
16.916667	43.5	481.96161	12.11581403702
16.916667	43.583333	722.37317	27.87464541321
16.916667	43.666667	1071.0987	52.239776468
16.916667	43.75	920.77136	25.76175941851
16.916667	43.833333	661.60194	-10.71463369229
16.916667	43.916667	1071.803	48.0523710678
16.916667	44	1264.4698	76.44747277009
16.916667	44.083333	978.31443	53.16006592473
16.916667	44.166667	1340.6111	90.42793436773
16.916667	44.25	1096.7349	77.53159061377
16.916667	44.333333	669.58791	37.49692642732
16.916667	44.416667	830.58659	58.93497128611
16.916667	44.5	704.27353	61.71067967919
16.916667	44.583333	761.50223	75.1305567201
16.916667	44.666667	665.50317	69.37802304776
16.916667	44.75	377.27548	45.79935770046
16.916667	44.833333	202.87124	28.51187834931
16.916667	44.916667	184.59767	28.18735523604
16.916667	45	610.82622	77.69356660301
17	39.083333	168.12737	48.59883833497
17	39.166667	72.8431	33.65260363424
17	39.25	160.00909	42.95058657569
17	39.333333	230.23715	52.70096341459
17	39.416667	116.29779	27.24708938242
17	40.5	0	67.49250962734
17	40.583333	48.105728	85.74123248142
17	40.666667	281.26896	111.2599635411
17	40.75	380.11454	123.4141930434
17	40.833333	319.52623	121.251848894
17	40.916667	251.94357	117.1030156343
17	41	132.65573	106.6032476214
17	41.083333	22.043449	95.92364578008
17	43.333333	611.67802	18.33658989359
17	43.416667	602.75123	20.39808689105
17	43.5	582.65841	22.48368988393
17	43.583333	712.85697	23.43535027194
17	43.666667	810.98813	23.32558050284
17	43.75	789.61981	11.84826387473
17	43.833333	837.85385	20.82996442105
17	43.916667	1281.9345	75.68235947666
17	44	1301.3596	87.43749783324
17	44.083333	1387.5858	94.95163081183
17	44.166667	1476.5795	110.2166731044
17	44.25	774.87506	51.6222857188
17	44.333333	864.61517	65.91648738254
17	44.416667	1071.5744	97.03619292836
17	44.5	885.90064	90.05222296601
17	44.583333	969.75802	97.19268022401
17	44.666667	581.42506	66.92725364665
17	44.75	365.26074	46.34955046665
17	44.833333	221.23042	35.28038757246
17	44.916667	350.8253	51.16688553706
17	45	595.63748	81.04248085523
17.083333	39.083333	68.480866	28.0567324273
17.083333	39.166667	7.9952594	10.5070562558
17.083333	39.25	81.941432	21.20181370202
17.083333	39.333333	177.13313	38.23719422353
17.083333	39.416667	120.65149	14.29475742594
17.083333	40.583333	68.623187	88.68195584881
17.083333	40.666667	354.89029	118.7875724971
17.083333	40.75	390.77075	130.5242242298
17.083333	40.833333	348.53423	122.3117039105
17.083333	40.916667	265.14991	120.9132543075
17.083333	41	121.22199	110.9066722467
17.083333	42.916667	85.414201	28.76254799222
17.083333	43	182.73358	26.76562199078
17.083333	43.25	430.21918	10.08422617623
17.083333	43.333333	945.83943	49.20976238783
17.083333	43.416667	609.4497	21.67024938107
17.083333	43.5	615.8336	20.27926789214
17.083333	43.583333	803.77845	31.85424749823
17.083333	43.666667	870.39018	26.67460017705
17.083333	43.75	1050.0977	41.15009643542
17.083333	43.833333	1242.3867	72.03634619977
17.083333	43.916667	1473.7627	95.07973802911
17.083333	44	1338.4881	94.7048680235
17.083333	44.083333	1434.7976	104.8848173383
17.083333	44.166667	1112.7094	80.18815273747
17.083333	44.25	587.23601	20.90565387292
17.083333	44.333333	897.88702	73.30149211153
17.083333	44.416667	799.09202	73.51699957994
17.083333	44.5	711.21661	67.48201564744
17.083333	44.583333	807.35817	80.44078524385
17.083333	44.666667	464.97674	53.32955523585
17.083333	44.75	427.0436	53.25816652384
17.083333	44.833333	263.24995	46.37958434834
17.083333	44.916667	387.45704	62.38655762569
17.083333	45	369.93411	61.82686695659
17.166667	40.583333	153.19816	97.77108686126
17.166667	40.666667	430.04632	126.7636578785
17.166667	40.75	440.33418	138.8637343382
17.166667	40.833333	374.44841	133.4771760479
17.166667	40.916667	238.4087	126.3753755401
17.166667	41	91.133144	104.6071500253
17.166667	42.916667	20.581804	21.08722095926
17.166667	43	180.68226	24.17007798865
17.166667	43.25	678.31235	37.49429034094
17.166667	43.333333	795.43821	44.18402973858
17.166667	43.416667	318.04271	-9.477963476634
17.166667	43.5	600.21129	12.42351649022
17.166667	43.583333	934.94982	41.89285544456
17.166667	43.666667	938.73292	34.04138203429
17.166667	43.75	1091.9263	50.70039915864
17.166667	43.833333	1263.9347	80.05993987155
17.166667	43.916667	1304.6822	86.35578821838
17.166667	44	1148.7653	82.72167572958
17.166667	44.083333	1166.8591	84.42048517274
17.166667	44.166667	943.68336	60.34218261135
17.166667	44.25	837.52635	46.39825704089
17.166667	44.333333	756.00494	57.31138248528
17.166667	44.416667	502.22905	23.74246695229
17.166667	44.5	640.09654	51.26696719309
17.166667	44.583333	607.96839	60.99909376314
17.166667	44.666667	427.5674	47.60383258748
17.166667	44.75	380.1418	48.11648812542
17.166667	44.833333	178.71533	36.3400459733
17.166667	44.916667	295.32491	52.70397498354
17.166667	45	211.76637	40.97166888268
17.25	40.416667	3.4714986	69.76938223371
17.25	40.5	0	83.33100415285
17.25	40.583333	212.81008	108.5551969702
17.25	40.666667	428.571	133.2727927647
17.25	40.75	450.80657	139.7396277964
17.25	40.833333	360.01212	133.6255722475
17.25	40.916667	168.57001	118.0795666635
17.25	43	153.88258	22.02288638227
17.25	43.166667	319.24228	6.256722212505
17.25	43.25	721.0386	35.18054195037
17.25	43.333333	534.6755	9.881970906633
17.25	43.416667	260.42172	-25.38775547034
17.25	43.5	714.1868	19.90074015517
17.25	43.583333	956.82062	35.04658831339
17.25	43.666667	887.0136	21.23813155794
17.25	43.75	1008.3475	41.59450150425
17.25	43.833333	1125.3815	65.69581447931
17.25	43.916667	1166.056	77.82532178346
17.25	44	1267.8151	91.19193127649
17.25	44.083333	1270.0614	86.16049937338
17.25	44.166667	1093.78	75.43696168035
17.25	44.25	1005.6584	72.95264976257
17.25	44.333333	614.93609	41.31795709768
17.25	44.416667	614.99756	36.00969625275
17.25	44.5	898.00234	84.37938623072
17.25	44.583333	648.40486	65.47556637102
17.25	44.666667	445.45176	49.97411607786
17.25	44.75	299.79702	42.9174380443
17.25	44.833333	164.19319	37.64020021499
17.25	44.916667	191.27322	43.37314143701
17.25	45	129.57085	28.47554885879
17.333333	40.416667	38.567985	82.42064177306
17.333333	40.5	51.247783	89.40595303351
17.333333	40.583333	221.5461	106.5810180416
17.333333	40.666667	406.31923	131.8638536999
17.333333	40.75	373.14296	133.3602544477
17.333333	40.833333	230.22383	120.2067132283
17.333333	40.916667	27.668242	98.87311685244
17.333333	43.166667	420.82491	5.997058693019
17.333333	43.25	467.28733	1.964088668238
17.333333	43.333333	362.0538	-12.99794496123
17.333333	43.416667	486.08018	-1.940665541333
17.333333	43.5	933.17039	40.32393806899
17.333333	43.583333	996.69636	35.13918146218
17.333333	43.666667	1088.3951	40.66707966768
17.333333	43.75	1261.0815	69.45991811591
17.333333	43.833333	1250.4678	77.95005170159
17.333333	43.916667	1229.1312	82.60296590894
17.333333	44	1268.3979	87.23144170997
17.333333	44.083333	1074.0838	67.77329315302
17.333333	44.166667	896.58854	58.62236483924
17.333333	44.25	897.59644	65.72997545131
17.333333	44.333333	739.06534	53.2617977143
17.333333	44.416667	855.44433	73.61949438724
17.333333	44.5	975.03806	96.19923293176
17.333333	44.583333	649.48352	60.88095007346
17.333333	44.666667	416.99783	47.81172318769
17.333333	44.75	301.53057	46.26616458676
17.333333	44.833333	247.91611	50.55568739767
17.333333	44.916667	123.56183	33.54974207035
17.333333	45	89.371175	20.4827265037
17.416667	40.333333	12.511231	75.17858118451
17.416667	40.416667	61.655248	87.48604547701
17.416667	40.5	69.085671	92.69468353903
17.416667	40.583333	201.8084	106.8267863554
17.416667	40.666667	394.38204	130.4678327498
17.416667	40.75	277.66207	128.0168951114
17.416667	40.833333	78.747759	109.9911427723
17.416667	42.916667	151.49001	17.96309232827
17.416667	43.083333	143.86516	-10.21816440687
17.416667	43.166667	194.11786	-23.08168438088
17.416667	43.25	164.24693	-30.76729489759
17.416667	43.333333	353.35916	-7.638138715116
17.416667	43.416667	650.82034	14.80017104019
17.416667	43.5	1067.6204	47.23342531925
17.416667	43.583333	1129.7624	52.47101697581
17.416667	43.666667	1405.0342	83.19461582769
17.416667	43.75	1427.1984	93.05239536328
17.416667	43.833333	1359.6011	91.14218988149
17.416667	43.916667	1248.5434	83.13631178165
17.416667	44	856.41255	47.27556455588
17.416667	44.083333	595.89159	22.06197862087
17.416667	44.166667	719.00788	42.25001623279
17.416667	44.25	945.84723	75.74858854387
17.416667	44.333333	1049.5896	91.13017859388
17.416667	44.416667	942.18811	86.58032768754
17.416667	44.5	792.17808	71.91836523734
17.416667	44.583333	529.35424	48.50298279226
17.416667	44.666667	394.19236	46.86882507983
17.416667	44.75	319.1835	48.84306889874
17.416667	44.833333	250.11842	46.39877653343
17.416667	44.916667	141.52739	24.73704565809
17.416667	45	123.94516	25.0444270085
17.5	40.333333	30.802643	82.71239062267
17.5	40.416667	87.109674	93.97652683312
17.5	40.5	133.41584	98.75835554656
17.5	40.583333	220.40154	112.3906470177
17.5	40.666667	304.29811	123.0552849961
17.5	40.75	175.59095	113.9768870098
17.5	42.75	30.511928	29.53965388528
17.5	43	0	-19.20959170523
17.5	43.083333	191.18668	-11.79015459609
17.5	43.166667	33.966552	-42.92793503229
17.5	43.25	195.52333	-28.13586803079
17.5	43.333333	349.05182	-15.5720736867
17.5	43.416667	601.41116	2.312236640911
17.5	43.5	1142.2199	48.21556443204
17.5	43.583333	1369.7483	80.02417285535
17.5	43.666667	1613.2408	110.6862810536
17.5	43.75	1168.8543	66.65356786755
17.5	43.833333	1121.2395	61.65669010461
17.5	43.916667	1130.8305	69.00047912648
17.5	44	728.77278	29.87461345256
17.5	44.083333	787.68691	41.01543063548
17.5	44.166667	970.28123	72.06067543759
17.5	44.25	1067.5124	97.5582938386
17.5	44.333333	1198.883	113.6960826278
17.5	44.416667	935.77107	86.39752112405
17.5	44.5	748.09984	68.31646080272
17.5	44.583333	545.47627	59.34719927527
17.5	44.666667	458.65795	53.30549634479
17.5	44.75	307.51769	51.14951885172
17.5	44.833333	209.66291	37.80654428382
17.5	44.916667	210.76304	32.16705864162
17.5	45	148.728	34.96995091794
17.583333	40.333333	43.123523	88.90915742139
17.583333	40.416667	111.33652	97.79178425191
17.583333	40.5	148.92167	95.56499317736
17.583333	40.583333	185.71302	104.4638707208
17.583333	40.666667	181.95552	109.7897162362
17.583333	40.75	101.79334	103.746924006
17.583333	42.75	28.695701	24.18466463148
17.583333	43	65.447721	-14.9524122941
17.583333	43.083333	201.32589	-20.85534835246
17.583333	43.166667	84.576125	-39.1117445929
17.583333	43.25	337.67212	-14.49724985996
17.583333	43.333333	239.4408	-36.76463055999
17.583333	43.416667	658.98459	5.29156694995
17.583333	43.5	1192.718	50.65233050221
17.583333	43.583333	1427.2008	83.81749075479
17.583333	43.666667	1628.9868	111.5118517523
17.583333	43.75	885.4591	32.27540032018
17.583333	43.833333	844.05126	28.74333827432
17.583333	43.916667	1019.777	59.72021009164
17.583333	44	956.51861	59.20106871748
17.583333	44.083333	1155.6078	83.40806799634
17.583333	44.166667	936.08396	76.49400497272
17.583333	44.25	1012.4394	91.81754709147
17.583333	44.333333	1336.7941	124.2365415829
17.583333	44.416667	1012.7334	96.56743509812
17.583333	44.5	865.71768	88.26028027009
17.583333	44.583333	671.7677	78.06322388699
17.583333	44.666667	482.91889	57.22627893192
17.583333	44.75	282.03868	55.33986031256
17.583333	44.833333	235.06795	40.46091700989
17.583333	44.916667	222.99279	43.19492793829
17.583333	45	158.68178	38.26110634044
17.666667	40.333333	58.764708	88.16885602201
17.666667	40.416667	86.276117	94.03413181435
17.666667	40.5	63.443967	91.47987856082
17.666667	40.583333	109.1339	97.49290749106
17.666667	40.666667	134.29541	103.5558707546
17.666667	40.75	68.149614	101.1473304006
17.666667	42.833333	84.97705	11.42530998077
17.666667	42.916667	228.58895	12.26897639199
17.666667	43	172.13581	-9.412619037086
17.666667	43.083333	44.121562	-39.02389782198
17.666667	43.166667	156.38504	-31.3331716562
17.666667	43.25	357.3019	-15.38416944094
17.666667	43.333333	326.22848	-29.69844355203
17.666667	43.416667	908.18185	24.05492678115
17.666667	43.5	963.39682	21.12850906606
17.666667	43.583333	981.46841	29.81326917979
17.666667	43.666667	1176.0144	64.3141257008
17.666667	43.75	739.57899	19.8883172418
17.666667	43.833333	959.61873	52.73195313258
17.666667	43.916667	1283.7646	92.63160392621
17.666667	44	1293.4686	101.0787002956
17.666667	44.083333	1129.9084	90.64704401656
17.666667	44.166667	592.12325	44.91428530464
17.666667	44.25	955.32495	84.33048539516
17.666667	44.333333	1497.2339	138.4117323811
17.666667	44.416667	1061.6013	105.3916146985
17.666667	44.5	825.04253	83.92476998758
17.666667	44.583333	633.42512	75.20114587791
17.666667	44.666667	383.3168	55.03485303304
17.666667	44.75	267.2853	58.00212633655
17.666667	44.833333	245.15328	43.63828175702
17.666667	44.916667	164.07814	42.42072048637
17.666667	45	208.9243	41.57228181718
17.75	40.333333	41.439439	91.15962234105
17.75	40.416667	73.094641	93.64120167117
17.75	40.5	78.209862	94.62715010873
17.75	40.583333	102.00563	97.5948057933
17.75	40.666667	73.349708	94.10789518203
17.75	42.833333	103.29584	9.692803437389
17.75	42.916667	339.90247	17.15110531144
17.75	43	263.00887	-6.168498099157
17.75	43.083333	27.467141	-39.77283607259
17.75	43.166667	246.34151	-23.98268263786
17.75	43.25	207.71868	-41.67471146719
17.75	43.333333	383.0654	-32.77718905075
17.75	43.416667	704.09534	-4.790594208259
17.75	43.5	627.53566	-18.34529371045
17.75	43.583333	750.98484	-3.424596916801
17.75	43.666667	559.97883	-12.5043617988
17.75	43.75	597.97577	0.7004088145024
17.75	43.833333	1199.5197	80.92088455225
17.75	43.916667	1614.1925	124.1988196419
17.75	44	1508.6702	122.3538783295
17.75	44.083333	1037.1811	80.45997706088
17.75	44.166667	526.06832	36.3236386935
17.75	44.25	859.19294	77.99724339428
17.75	44.333333	1259.0898	122.3663002193
17.75	44.416667	920.48459	92.22588328122
17.75	44.5	594.39829	58.44372816384
17.75	44.583333	408.15284	53.49449350742
17.75	44.666667	283.07024	48.64656436308
17.75	44.75	274.52649	54.72946468927
17.75	44.833333	181.00048	40.07316025305
17.75	44.916667	123.71116	38.03694398989
17.75	45	212.46669	44.23958777462
17.833333	40.333333	30.367101	92.69040820268
17.833333	40.416667	61.489753	91.29653514304
17.833333	40.5	80.628734	90.15064394173
17.833333	40.583333	64.047587	91.30499732226
17.833333	40.666667	0	83.08079967776
17.833333	42.833333	313.955	21.1578199476
17.833333	42.916667	435.14791	19.24775798727
17.833333	43	302.26233	-9.575414293295
17.833333	43.083333	131.07415	-36.13621631953
17.833333	43.166667	272.35724	-30.38176033634
17.833333	43.25	72.108791	-68.4154606164
17.833333	43.333333	354.19971	-43.69651272853
17.833333	43.416667	286.12246	-56.84208528081
17.833333	43.5	879.18515	20.51407305856
17.833333	43.583333	1310.1768	61.32670864591
17.833333	43.666667	424.84477	-25.57304727446
17.833333	43.75	704.98004	15.73073342946
17.833333	43.833333	1265.0027	87.46882920878
17.833333	43.916667	1379.3799	108.1467662326
17.833333	44	1205.0687	100.7918611906
17.833333	44.083333	837.90303	65.18950624503
17.833333	44.166667	521.02757	39.54672494277
17.833333	44.25	654.47897	53.27678728797
17.833333	44.333333	818.05385	72.11068491539
17.833333	44.416667	802.81898	78.2653397394
17.833333	44.5	494.50474	55.57681631316
17.833333	44.583333	274.14091	38.68991070348
17.833333	44.666667	260.74111	42.03167746457
17.833333	44.75	262.80116	46.9181014175
17.833333	44.833333	156.9413	36.67785487433
17.833333	44.916667	176.5975	41.20185438605
17.833333	45	146.98991	40.56954614047
17.916667	40.25	31.466669	89.45241813425
17.916667	40.333333	50.166373	90.89756055598
17.916667	40.416667	49.544564	87.72789017772
17.916667	40.5	25.721153	88.21388553404
17.916667	40.583333	32.964243	88.68127355548
17.916667	40.666667	0	80.97928029738
17.916667	42.75	256.20092	30.01398016593
17.916667	42.833333	522.57157	34.97847681082
17.916667	42.916667	454.68689	17.39619734789
17.916667	43	323.59698	-8.852501121304
17.916667	43.083333	188.92097	-37.30931307597
17.916667	43.166667	368.46138	-31.25735747282
17.916667	43.25	466.47649	-26.06279382125
17.916667	43.333333	872.02651	14.47720164762
17.916667	43.416667	582.17545	-18.92617565247
17.916667	43.5	1376.9688	71.95136164828
17.916667	43.583333	1518.5589	85.34035177892
17.916667	43.666667	511.65651	-11.23507922429
17.916667	43.75	1046.7393	60.76851835779
17.916667	43.833333	1297.853	94.18930842546
17.916667	43.916667	986.76087	71.22729474691
17.916667	44	797.31689	60.94680959876
17.916667	44.083333	675.76513	55.86160457032
17.916667	44.166667	460.31661	34.91213971074
17.916667	44.25	648.88778	49.64403069305
17.916667	44.333333	648.66478	54.7183822011
17.916667	44.416667	742.72382	76.20793666963
17.916667	44.5	546.73744	66.51788865923
17.916667	44.583333	323.79514	41.04975119983
17.916667	44.666667	254.60225	40.4204938464
17.916667	44.75	217.07757	42.64269241272
17.916667	44.833333	206.93941	41.38306546881
17.916667	44.916667	243.51726	48.7100329627
17.916667	45	110.44666	38.30111415066
18	40.166667	38.377841	90.65394659427
18	40.25	45.005864	93.76947110287
18	40.333333	30.32514	87.722159744
18	40.416667	56.13459	87.32485562923
18	40.5	40.217746	89.38064885182
18	40.583333	46.692778	85.05464760624
18	42.75	451.92854	42.20487736646
18	42.833333	588.93951	40.14190911459
18	42.916667	507.77914	12.15979709368
18	43	518.2195	5.484572188408
18	43.083333	433.97154	-14.39869414614
18	43.166667	726.49658	4.580013920297
18	43.25	1011.9334	30.74548775857
18	43.333333	1336.4061	64.16629286115
18	43.416667	1058.2977	39.48016813062
18	43.5	1227.4441	61.43733536792
18	43.583333	899.34771	31.45791749475
18	43.666667	620.25017	-1.879388393888
18	43.75	1119.7055	70.23729591324
18	43.833333	1092.355	77.8447575783
18	43.916667	827.68123	56.0780270666
18	44	682.75721	47.14302719542
18	44.083333	742.32781	62.00330523054
18	44.166667	538.50731	37.75017895862
18	44.25	835.69411	70.96359834691
18	44.333333	626.39006	63.76490060553
18	44.416667	520.82763	53.81193173548
18	44.5	440.03278	49.96135269568
18	44.583333	344.3491	42.13253654601
18	44.666667	230.82141	38.2086921304
18	44.75	187.72464	41.18979259324
18	44.833333	203.71811	47.40504581306
18	44.916667	205.43277	49.38232120821
18	45	126.97625	41.97002639046
18.083333	39.916667	20.328773	88.94235663615
18.083333	40	58.416147	96.01065751799
18.083333	40.083333	66.893959	94.43187637341
18.083333	40.166667	61.938321	91.5201392953
18.083333	40.25	41.10068	89.76254055018
18.083333	40.333333	20.179286	85.1951017248
18.083333	40.416667	35.323955	88.11572773624
18.083333	40.5	10.264631	80.41409167259
18.083333	42.666667	150.08187	14.88002239007
18.083333	42.75	491.5152	34.67131549151
18.083333	42.833333	557.65271	30.36992990744
18.083333	42.916667	595.27704	10.27096161206
18.083333	43	697.48228	16.05747447311
18.083333	43.083333	710.97584	7.162784064896
18.083333	43.166667	972.97267	32.99976337594
18.083333	43.25	975.36216	31.39079818268
18.083333	43.333333	1069.5307	47.22046668224
18.083333	43.416667	1093.3244	51.11954761272
18.083333	43.5	901.77899	29.3371823977
18.083333	43.583333	772.15168	20.2656249062
18.083333	43.666667	1204.5727	75.64486660421
18.083333	43.75	1086.7341	74.73804699529
18.083333	43.833333	696.2651	38.6463103446
18.083333	43.916667	697.09931	49.73507420374
18.083333	44	527.10421	35.86333667425
18.083333	44.083333	648.85627	52.64953309734
18.083333	44.166667	600.3614	43.60266267049
18.083333	44.25	940.596	81.46664494699
18.083333	44.333333	633.66679	60.1220099707
18.083333	44.416667	333.38521	27.31669646128
18.083333	44.5	246.13318	26.19781987487
18.083333	44.583333	341.6353	44.50647572476
18.083333	44.666667	253.13434	37.95097648496
18.083333	44.75	205.68834	41.08501208933
18.083333	44.833333	175.19408	49.93822050494
18.083333	44.916667	162.24646	45.17375934618
18.083333	45	187.72487	50.00194121934
18.166667	39.916667	80.632813	95.50382247721
18.166667	40	99.277432	98.21242126353
18.166667	40.083333	114.51984	102.1595965861
18.166667	40.166667	68.32888	97.279862519
18.166667	40.25	57.964616	89.57916356263
18.166667	40.333333	56.215064	86.5699827564
18.166667	40.416667	25.069687	88.37466233
18.166667	42.666667	243.66102	13.97538491226
18.166667	42.75	375.71815	15.86408085181
18.166667	42.833333	613.77265	31.27956397382
18.166667	42.916667	833.61163	35.62058245876
18.166667	43	802.14664	24.10249366989
18.166667	43.083333	759.75277	4.222612889926
18.166667	43.166667	925.65059	28.92341831018
18.166667	43.25	841.00892	15.62508089261
18.166667	43.333333	1026.8138	40.71723223049
18.166667	43.416667	1200.4062	62.93246035902
18.166667	43.5	955.40541	34.40996714303
18.166667	43.583333	1250.8558	74.84346106317
18.166667	43.666667	1759.3544	139.2263646807
18.166667	43.75	1314.0351	105.7359738867
18.166667	43.833333	651.08106	35.35383926607
18.166667	43.916667	659.97905	44.55753952115
18.166667	44	449.62637	23.5205226117
18.166667	44.083333	545.32327	35.95376559726
18.166667	44.166667	746.22047	62.05339385605
18.166667	44.25	1026.8487	93.67543473147
18.166667	44.333333	734.9243	67.30456580399
18.166667	44.416667	396.99513	39.8239304582
18.166667	44.5	277.83448	34.29752710069
18.166667	44.583333	491.99311	60.95520209133
18.166667	44.666667	327.46825	47.35905010218
18.166667	44.75	273.02023	49.17938747919
18.166667	44.833333	290.59187	59.99746365966
18.166667	44.916667	214.52407	48.50467985484
18.166667	45	240.67039	57.64132880497
18.25	39.916667	119.70664	104.3355845953
18.25	40	114.97218	100.6600343096
18.25	40.083333	111.7869	98.09663007871
18.25	40.166667	80.438045	95.08480369327
18.25	40.25	60.595192	91.01898966311
18.25	40.333333	36.501191	82.87510965896
18.25	40.416667	12.906834	78.48262558383
18.25	42.583333	216.47265	13.36220536992
18.25	42.666667	368.62981	22.99511007724
18.25	42.75	417.4907	13.92199068579
18.25	42.833333	826.94974	46.42230069667
18.25	42.916667	1064.471	53.1878028001
18.25	43	891.72292	24.13221185602
18.25	43.083333	838.05629	10.02917955102
18.25	43.166667	991.49862	32.72302605346
18.25	43.25	1005.2622	31.60454961684
18.25	43.333333	1331.8898	72.16182703118
18.25	43.416667	1241.1351	68.07860390108
18.25	43.5	941.24199	43.04021408839
18.25	43.583333	1430.3827	99.67716701507
18.25	43.666667	1518.5765	125.059008554
18.25	43.75	1332.8514	104.5997652161
18.25	43.833333	687.36751	40.53315360544
18.25	43.916667	626.7632	35.69179780829
18.25	44	610.7741	38.56210932529
18.25	44.083333	772.18821	57.44094702251
18.25	44.166667	1063.5928	93.23985449328
18.25	44.25	1070.2558	103.7280892321
18.25	44.333333	748.21712	74.1072754348
18.25	44.416667	491.63225	53.92367432915
18.25	44.5	423.1139	52.72377637873
18.25	44.583333	587.75727	71.22810013094
18.25	44.666667	334.01391	48.30259862949
18.25	44.75	358.89056	57.50601310091
18.25	44.833333	457.70222	72.66585396462
18.25	44.916667	217.84444	49.54994613176
18.25	45	183.90812	52.03633929707
18.333333	39.833333	78.452986	96.48790574328
18.333333	39.916667	148.1052	104.7315103952
18.333333	40	110.97499	99.94249281924
18.333333	40.083333	82.312187	93.7897529198
18.333333	40.166667	78.747787	90.89104726829
18.333333	40.25	56.691591	87.65267865769
18.333333	40.333333	0	76.74668680195
18.333333	42.583333	472.60303	28.51956971597
18.333333	42.666667	512.3066	27.39238461302
18.333333	42.75	548.6634	15.26668816343
18.333333	42.833333	776.0865	33.96945426086
18.333333	42.916667	776.68159	20.82253097733
18.333333	43	747.70878	4.432153725631
18.333333	43.083333	1046.5895	33.7122271679
18.333333	43.166667	1305.3364	60.06525360096
18.333333	43.25	1124.2785	45.5784021824
18.333333	43.333333	1265.951	70.33044798082
18.333333	43.416667	1043.8001	45.63703487257
18.333333	43.5	946.12332	50.60339567695
18.333333	43.583333	1529.6484	113.7022239449
18.333333	43.666667	1073.7595	77.75721049654
18.333333	43.75	996.44376	67.89731996477
18.333333	43.833333	532.51232	22.08788689071
18.333333	43.916667	614.77235	34.21158039938
18.333333	44	799.92985	66.68468111375
18.333333	44.083333	1007.6641	90.36518179339
18.333333	44.166667	1140.5674	103.8323969793
18.333333	44.25	885.1542	85.61253884913
18.333333	44.333333	627.79781	60.24252491823
18.333333	44.416667	470.84562	49.51578558909
18.333333	44.5	406.97725	60.965369169
18.333333	44.583333	401.28888	58.45886996685
18.333333	44.666667	265.7506	33.72900900693
18.333333	44.75	370.07146	54.39572223409
18.333333	44.833333	416.5391	68.95584131197
18.333333	44.916667	130.06754	37.94980523715
18.333333	45	87.450753	35.16052524013
18.416667	40	57.686572	89.42030248544
18.416667	40.083333	94.094811	96.8073770478
18.416667	40.166667	51.123874	93.0419455079
18.416667	40.25	12.523577	79.29524759707
18.416667	42.5	236.63434	15.0802980496
18.416667	42.583333	852.68188	63.45102451526
18.416667	42.666667	626.07569	34.05025557157
18.416667	42.75	540.45996	11.50289860483
18.416667	42.833333	565.22973	9.539993989272
18.416667	42.916667	579.4146	1.792189501515
18.416667	43	749.24725	12.56374944312
18.416667	43.083333	1135.6339	40.30853102499
18.416667	43.166667	1396.2705	65.35387025828
18.416667	43.25	1177.471	49.82477009143
18.416667	43.333333	1298.9897	70.20361290007
18.416667	43.416667	1303.2613	72.7102190627
18.416667	43.5	1201.051	77.1092332144
18.416667	43.583333	1541.6389	115.3050641872
18.416667	43.666667	999.09345	71.84912244647
18.416667	43.75	945.10608	66.04604487261
18.416667	43.833333	677.89614	35.14651187846
18.416667	43.916667	946.20577	68.55818294493
18.416667	44	1033.9639	89.92430370505
18.416667	44.083333	1067.9927	96.77084378197
18.416667	44.166667	954.32125	89.35612748502
18.416667	44.25	724.57343	64.67914530841
18.416667	44.333333	618.3709	58.22045083157
18.416667	44.416667	419.88333	50.51362854527
18.416667	44.5	297.71124	58.26705265353
18.416667	44.583333	205.56403	33.02521474797
18.416667	44.666667	278.19349	31.488078303
18.416667	44.75	292.14649	47.20939253016
18.416667	44.833333	212.88337	49.13380599767
18.416667	44.916667	109.16388	29.81261467632
18.416667	45	80.197342	25.32601423297
18.5	42.416667	4.4599671	-25.66776561537
18.5	42.5	695.88752	56.38596030479
18.5	42.583333	1375.6191	99.41313607786
18.5	42.666667	849.04666	49.6218353268
18.5	42.75	668.79009	21.00380198407
18.5	42.833333	752.27017	24.57855441449
18.5	42.916667	1055.4269	47.8929372651
18.5	43	1107.6461	51.77124181248
18.5	43.083333	1003.7749	22.09801521591
18.5	43.166667	1053.4629	35.50873124034
18.5	43.25	1179.7768	50.9451488961
18.5	43.333333	1524.2195	90.23178553971
18.5	43.416667	1743.7289	122.2985409584
18.5	43.5	1235.5322	86.22090821664
18.5	43.583333	1146.858	84.66778515412
18.5	43.666667	1144.3769	92.93966187318
18.5	43.75	1276.6325	104.8676854886
18.5	43.833333	1000.424	74.13195688564
18.5	43.916667	1219.6626	102.1628501691
18.5	44	1121.1205	99.24304828992
18.5	44.083333	972.4238	81.55944978636
18.5	44.166667	839.59029	75.06030787088
18.5	44.25	852.22965	75.79506480617
18.5	44.333333	746.76893	72.91744103242
18.5	44.416667	379.58569	46.87376949999
18.5	44.583333	224.61357	16.94114282422
18.5	44.666667	389.73696	49.28429052988
18.5	44.75	270.77024	46.77115476674
18.5	44.833333	111.2167	32.76937905063
18.5	44.916667	136.44285	30.63009551614
18.5	45	92.341706	22.61169552398
18.583333	42.416667	41.984765	-25.44363221553
18.583333	42.5	848.318	52.28358456311
18.583333	42.583333	1394.7957	90.83951199962
18.583333	42.666667	941.92447	48.68015729027
18.583333	42.75	856.42364	28.81030172102
18.583333	42.833333	979.83701	43.87144405626
18.583333	42.916667	1279.0056	61.45414285808
18.583333	43	1173.9234	54.53327111393
18.583333	43.083333	1006.988	24.4297578206
18.583333	43.166667	1014.3954	34.93700964157
18.583333	43.25	1245.8865	57.98014139433
18.583333	43.333333	1329.6145	72.71666753148
18.583333	43.416667	1523.1369	105.626138817
18.583333	43.5	984.81042	58.10357027176
18.583333	43.583333	937.26991	64.20801604481
18.583333	43.666667	1346.2546	110.6316498557
18.583333	43.75	1375.822	116.9894932856
18.583333	43.833333	1056.5706	88.90015289627
18.583333	43.916667	1178.4689	106.7599182802
18.583333	44	975.48173	89.64568108691
18.583333	44.083333	773.39383	61.89159663634
18.583333	44.166667	809.4387	69.30075987341
18.583333	44.25	965.42157	86.85882650799
18.583333	44.333333	775.3929	72.90699312748
18.583333	44.416667	337.28726	29.57285320804
18.583333	44.5	228.89034	18.06322262592
18.583333	44.583333	306.74955	21.29954672974
18.583333	44.666667	475.65308	64.96208146718
18.583333	44.75	347.94747	53.29701043824
18.583333	44.833333	135.15347	31.96995491397
18.583333	44.916667	98.27483	26.97829384939
18.583333	45	72.165602	20.13756629058
18.666667	42.583333	914.66691	48.4936131814
18.666667	42.666667	874.62523	40.17248750792
18.666667	42.75	879.98916	27.50308237136
18.666667	42.833333	992.83629	42.05614668304
18.666667	42.916667	1125.3557	40.4071617627
18.666667	43	1117.7064	43.8922416814
18.666667	43.083333	1349.2939	63.59300665064
18.666667	43.166667	1490.1993	80.04908882988
18.666667	43.25	1622.3872	92.46686300131
18.666667	43.333333	1111.2538	51.81677776367
18.666667	43.416667	1047.157	53.36430510656
18.666667	43.5	749.73079	28.31048549368
18.666667	43.583333	953.56303	62.65738195204
18.666667	43.666667	1265.5712	98.27686478321
18.666667	43.75	1037.9999	83.72480920755
18.666667	43.833333	1020.8031	85.28928322207
18.666667	43.916667	1194.3247	101.2351512447
18.666667	44	923.62585	73.67826149007
18.666667	44.083333	788.72304	59.89695505146
18.666667	44.166667	847.1695	71.75254233918
18.666667	44.25	823.80382	75.25483195678
18.666667	44.333333	657.72203	62.51293075277
18.666667	44.416667	298.30969	21.24447893745
18.666667	44.5	220.38398	15.32315586186
18.666667	44.583333	387.89951	39.39688684529
18.666667	44.666667	482.54533	67.11769436833
18.666667	44.75	348.25592	55.63878646537
18.666667	44.833333	120.65002	34.25980171929
18.666667	44.916667	64.912361	21.68133374418
18.666667	45	82.498015	21.88046244633
18.75	42.333333	208.86793	4.534495561259
18.75	42.416667	424.96012	14.35287978744
18.75	42.5	435.30645	-5.528348724582
18.75	42.583333	798.85578	33.67363043978
18.75	42.666667	1015.1218	47.94925781741
18.75	42.75	936.47042	31.54009433626
18.75	42.833333	1065.1199	37.24775505063
18.75	42.916667	1246.1316	47.21490041391
18.75	43	1332.4752	62.75954682522
18.75	43.083333	1407.7992	71.72448681647
18.75	43.166667	1456.2748	77.06116844801
18.75	43.25	1786.6863	110.0405045715
18.75	43.333333	1190.4016	69.39061917048
18.75	43.416667	964.51424	53.08495198122
18.75	43.5	661.32818	30.67475148182
18.75	43.583333	739.0846	38.89925344502
18.75	43.666667	987.8482	71.87882267576
18.75	43.75	862.98323	63.29203581465
18.75	43.833333	1015.5745	83.23035586812
18.75	43.916667	1111.8496	92.5547848972
18.75	44	898.72455	65.98172623917
18.75	44.083333	1032.6728	83.87517251016
18.75	44.166667	977.30132	87.38374362469
18.75	44.25	669.21864	60.64255904601
18.75	44.333333	610.18275	62.96226010658
18.75	44.416667	293.9418	26.70454780986
18.75	44.5	301.14832	24.45650933875
18.75	44.583333	488.73654	55.68669298288
18.75	44.666667	402.86019	57.99928764532
18.75	44.75	231.34949	44.68915298919
18.75	44.833333	75.461461	26.87749602028
18.75	44.916667	100.245	24.54945001062
18.75	45	85.187123	25.78964346718
18.833333	42.333333	780.65336	53.83855503958
18.833333	42.416667	1026.708	70.23754090785
18.833333	42.5	822.49783	40.82879560237
18.833333	42.583333	963.13884	46.22350358527
18.833333	42.666667	1081.8042	46.8128249123
18.833333	42.75	898.8614	24.31841544617
18.833333	42.833333	927.05908	18.76270314938
18.833333	42.916667	1241.2678	55.20391718896
18.833333	43	1334.6588	66.81389530474
18.833333	43.083333	1137.6262	45.77759917286
18.833333	43.166667	1059.9276	34.78112265789
18.833333	43.25	1444.6933	82.10525854988
18.833333	43.333333	1106.0072	64.13480836311
18.833333	43.416667	1022.2302	63.78333142862
18.833333	43.5	821.65367	51.80649672507
18.833333	43.583333	616.09051	24.49992063074
18.833333	43.666667	917.41279	70.44905781051
18.833333	43.75	1027.0709	82.11009972143
18.833333	43.833333	918.14807	73.39702109199
18.833333	43.916667	917.27159	75.28813419952
18.833333	44	901.40356	72.43151788785
18.833333	44.083333	1196.6928	105.4443546678
18.833333	44.166667	1015.5686	96.31178752336
18.833333	44.25	642.49674	60.14317378948
18.833333	44.333333	664.00343	70.7546762019
18.833333	44.416667	326.62428	35.76068843643
18.833333	44.5	438.13854	43.80464938851
18.833333	44.583333	513.05091	64.57647211047
18.833333	44.666667	281.30453	46.3642181133
18.833333	44.75	174.22531	34.05657546889
18.833333	44.833333	85.155395	20.51725144021
18.833333	44.916667	118.82934	29.77523307628
18.833333	45	53.92229	27.22424411949
18.916667	42.25	391.5752	13.00755982765
18.916667	42.333333	863.2316	55.86098668253
18.916667	42.416667	935.66299	63.84361092415
18.916667	42.5	1029.7994	56.21635497715
18.916667	42.583333	937.86845	40.48552162264
18.916667	42.666667	877.29114	21.02078597304
18.916667	42.75	704.40411	-4.899211278619
18.916667	42.833333	692.80663	-5.023839974427
18.916667	42.916667	1119.2301	46.18542692985
18.916667	43	1185.7602	47.91974936076
18.916667	43.083333	1384.2366	72.1874048212
18.916667	43.166667	1383.6755	71.80696264157
18.916667	43.25	1247.7523	63.92922439069
18.916667	43.333333	1029.3526	58.53684980508
18.916667	43.416667	944.45868	56.87092308371
18.916667	43.5	989.73988	68.4215593596
18.916667	43.583333	719.80838	44.36777264107
18.916667	43.666667	741.45489	54.9164228639
18.916667	43.75	888.42652	69.17665912045
18.916667	43.833333	753.32238	53.38430307624
18.916667	43.916667	979.2052	72.76483264924
18.916667	44	1115.9117	93.8256142085
18.916667	44.083333	1182.5384	104.8377442014
18.916667	44.166667	845.28638	79.6108311226
18.916667	44.25	592.58296	60.00548713185
18.916667	44.333333	624.38859	68.08598600863
18.916667	44.416667	342.21577	40.47954372517
18.916667	44.5	520.41461	62.7894932876
18.916667	44.583333	473.73511	65.92696005541
18.916667	44.666667	230.97642	41.75539069333
18.916667	44.75	189.21284	35.18384790677
18.916667	44.833333	92.266544	23.1566937213
18.916667	44.916667	86.461261	29.82298551899
18.916667	45	66.065919	28.79106116911
19	42.166667	237.40319	-26.95841694198
19	42.25	501.41679	8.771803828544
19	42.333333	429.50948	6.640778777545
19	42.416667	561.70667	14.74436889133
19	42.5	870.5318	26.39883738578
19	42.583333	655.1079	-1.214748586342
19	42.666667	697.26576	-11.57114003618
19	42.75	693.93218	-18.77339238181
19	42.833333	905.03546	17.01881041889
19	42.916667	1297.8934	53.82914580956
19	43	1192.5117	40.9987601218
19	43.083333	1830.0116	117.3693795451
19	43.166667	1820.8761	121.8549933151
19	43.25	1331.5094	82.49163756755
19	43.333333	1354.3086	99.41304709891
19	43.416667	914.13361	63.51318729756
19	43.5	975.07367	76.36173493246
19	43.583333	887.85876	72.66511435002
19	43.666667	510.90142	23.93756742354
19	43.75	655.49367	43.28405973109
19	43.833333	773.2481	58.84335448272
19	43.916667	1055.6988	83.98024005221
19	44	1214.9759	108.045255867
19	44.083333	1044.2303	92.80999317607
19	44.166667	606.43387	54.04282436388
19	44.25	496.00993	51.74603088101
19	44.333333	481.21834	51.8325419046
19	44.416667	293.92243	34.3350971626
19	44.5	451.81119	59.85958550543
19	44.583333	428.27593	59.86958452855
19	44.666667	244.34959	42.61268128634
19	44.75	149.46739	31.05570164461
19	44.833333	75.328793	22.78012922385
19	44.916667	72.624247	27.80448878994
19	45	96.257948	30.27571390568
19.083333	42.083333	153.97784	-28.61208725573
19.083333	42.166667	482.7392	-12.15078204524
19.083333	42.25	234.58819	-20.34722588622
19.083333	42.333333	80.914149	-44.00372500903
19.083333	42.416667	404.87784	-18.05763650378
19.083333	42.5	387.95569	-27.05881411842
19.083333	42.583333	282.1122	-53.41587329024
19.083333	42.666667	755.21668	-6.376539942821
19.083333	42.75	1030.8498	24.51783347102
19.083333	42.833333	1389.6393	69.02786693281
19.083333	42.916667	1384.5146	64.57879836645
19.083333	43	1210.4032	48.21505859685
19.083333	43.083333	1748.3402	115.0375706688
19.083333	43.166667	1556.9041	104.3294330936
19.083333	43.25	1364.9564	91.09097962252
19.083333	43.333333	1581.007	121.5636285568
19.083333	43.416667	931.075	67.2792101879
19.083333	43.5	1024.4411	83.82182251889
19.083333	43.583333	1107.7687	93.54149912273
19.083333	43.666667	660.94136	40.59402541881
19.083333	43.75	899.82351	72.131728008
19.083333	43.833333	1038.6621	87.10500818481
19.083333	43.916667	958.20191	80.6355804853
19.083333	44	1106.2921	99.78330615841
19.083333	44.083333	915.10028	82.02868994864
19.083333	44.166667	461.74264	43.14676004764
19.083333	44.25	438.57796	45.18484853264
19.083333	44.333333	372.95725	39.15598249957
19.083333	44.416667	232.42186	28.73257403611
19.083333	44.5	270.83949	40.84919502354
19.083333	44.583333	319.63817	49.89919673459
19.083333	44.666667	216.47441	38.60948380883
19.083333	44.75	97.592152	18.49429327265
19.083333	44.833333	95.316942	20.05007035599
19.083333	44.916667	85.758273	27.9198577017
19.083333	45	85.794616	27.46428838396
19.166667	42	205.63645	-33.30704080682
19.166667	42.083333	634.01288	3.592770452521
19.166667	42.166667	491.60387	-11.72234103688
19.166667	42.333333	0	-65.14861138243
19.166667	42.416667	219.52873	-43.28932562974
19.166667	42.5	51.494885	-68.30929842803
19.166667	42.583333	503.41414	-28.51698495885
19.166667	42.666667	1291.8759	57.22386826879
19.166667	42.75	1548.578	82.38369815547
19.166667	42.833333	1746.7891	97.88601406253
19.166667	42.916667	1359.0408	66.57546899103
19.166667	43	1436.6561	78.35928675366
19.166667	43.083333	1560.3471	99.0289178695
19.166667	43.166667	1248.7213	70.73243832654
19.166667	43.25	1415.5276	99.12543363519
19.166667	43.333333	1293.1928	101.5524207853
19.166667	43.416667	873.66593	60.53347339989
19.166667	43.5	1159.1516	97.18679247168
19.166667	43.583333	1083.9252	89.80122291273
19.166667	43.666667	757.14468	54.07815887875
19.166667	43.75	978.61938	81.09452091229
19.166667	43.833333	1038.0013	83.043880365
19.166667	43.916667	870.82062	64.56320767647
19.166667	44	1024.2215	82.53758309849
19.166667	44.083333	838.2153	71.8243130617
19.166667	44.166667	430.515	41.19549866122
19.166667	44.25	420.01575	46.17233148583
19.166667	44.333333	386.44016	42.85590500679
19.166667	44.416667	322.97128	39.89526534429
19.166667	44.5	201.24509	31.30322735601
19.166667	44.583333	182.49132	37.38429629347
19.166667	44.666667	140.13272	27.2552547198
19.166667	44.75	99.646599	16.89566020406
19.166667	44.833333	102.9565	22.89212663662
19.166667	44.916667	75.493895	26.29150126428
19.166667	45	85.960439	22.11931407459
19.25	41.916667	19.187972	-57.18021679098
19.25	42	297.71379	-32.93123690238
19.25	42.083333	606.01322	-5.301796006485
19.25	42.333333	23.782437	-65.13898853751
19.25	42.416667	46.647717	-65.98676248881
19.25	42.5	114.61029	-73.82568054357
19.25	42.583333	972.23425	13.99157079689
19.25	42.666667	1644.0643	82.37889652563
19.25	42.75	1533.2071	72.71321095477
19.25	42.833333	1665.054	81.13361011386
19.25	42.916667	1511.516	80.10249103449
19.25	43	1751.7145	111.8617977983
19.25	43.083333	1495.7573	99.52242388866
19.25	43.166667	1226.9852	74.45253064962
19.25	43.25	1365.6192	100.7480722272
19.25	43.333333	914.60903	67.24099094164
19.25	43.416667	898.53545	65.38262171212
19.25	43.5	1140.6674	96.66737287883
19.25	43.583333	846.72023	65.17312731624
19.25	43.666667	696.48811	45.41619059086
19.25	43.75	644.94994	41.7287868558
19.25	43.833333	728.7344	53.9429286107
19.25	43.916667	834.45846	61.19798490509
19.25	44	898.24676	72.53003605125
19.25	44.083333	745.72239	64.83817646465
19.25	44.166667	433.87169	36.69731180942
19.25	44.25	416.35819	47.0201045605
19.25	44.333333	526.04559	53.13494028645
19.25	44.416667	526.9894	55.24033322857
19.25	44.5	255.44084	31.45181971043
19.25	44.583333	117.53681	27.4623349716
19.25	44.666667	85.622804	20.99035711289
19.25	44.75	100.53942	23.81809901326
19.25	44.833333	72.428208	21.77677681665
19.25	44.916667	65.298454	21.94272544536
19.25	45	99.765526	20.63202199878
19.333333	40.416667	145.4927	12.43839553329
19.333333	40.666667	0	-42.29997724376
19.333333	41.916667	0	-56.80492029629
19.333333	42	110.21398	-39.86141037036
19.333333	42.083333	236.25937	-37.99024372722
19.333333	42.25	13.063228	-70.27862568929
19.333333	42.333333	72.063903	-64.67384343214
19.333333	42.416667	231.82977	-52.96112933042
19.333333	42.5	338.19696	-51.68582936488
19.333333	42.583333	751.39968	-11.02097955048
19.333333	42.666667	1096.2039	25.93026871018
19.333333	42.75	881.4335	-3.356376979724
19.333333	42.833333	1269.5114	42.03920443846
19.333333	42.916667	1677.2025	99.97373788408
19.333333	43	1706.8281	113.7921512152
19.333333	43.083333	1364.6439	87.04359961449
19.333333	43.166667	1176.0725	74.24815947505
19.333333	43.25	1056.3671	72.63604392698
19.333333	43.333333	866.85041	56.85164904445
19.333333	43.416667	1051.3394	80.90792604332
19.333333	43.5	937.67029	70.03149681637
19.333333	43.583333	727.27473	46.69830092094
19.333333	43.666667	825.83421	60.77757510266
19.333333	43.75	571.28563	31.20980002951
19.333333	43.833333	772.82109	62.87313278239
19.333333	43.916667	942.56036	76.7785658617
19.333333	44	796.54943	65.19527311237
19.333333	44.083333	705.20934	61.25349787851
19.333333	44.166667	366.001	25.1055301991
19.333333	44.25	402.14043	41.6065704357
19.333333	44.333333	618.73052	54.86931242498
19.333333	44.416667	519.45213	52.55795195289
19.333333	44.5	215.25537	23.7626522205
19.333333	44.583333	154.01188	26.99248781823
19.333333	44.666667	114.49613	25.71196812386
19.333333	44.75	85.860176	22.7231598652
19.333333	44.833333	78.390311	15.56770525113
19.333333	44.916667	85.952177	20.86714531337
19.333333	45	75.859179	19.99934000967
19.416667	40.5	8.321632	-14.30996133092
19.416667	40.583333	38.052348	-31.25682267431
19.416667	40.666667	3.2439989	-42.70387526351
19.416667	40.75	0	-53.82252047479
19.416667	40.833333	4.9793359	-54.40125617273
19.416667	40.916667	0	-61.43747594507
19.416667	41.916667	8.424185	-54.3746407871
19.416667	42	18.390715	-50.59508836585
19.416667	42.25	20.177562	-71.47661694784
19.416667	42.333333	172.39714	-60.556358825
19.416667	42.416667	653.44916	-14.81051452483
19.416667	42.5	863.95692	10.45504419324
19.416667	42.583333	792.42617	-7.447812244266
19.416667	42.666667	771.88716	-14.84427886034
19.416667	42.75	693.10195	-23.83635532013
19.416667	42.833333	1138.4745	32.45924334454
19.416667	42.916667	1678.7538	101.6117328227
19.416667	43	1497.2366	93.92165792779
19.416667	43.083333	1348.3861	81.48872505735
19.416667	43.166667	1172.9367	79.68465846844
19.416667	43.25	945.18549	65.28974565914
19.416667	43.333333	1121.2011	87.20340339927
19.416667	43.416667	1209.2362	103.0418657551
19.416667	43.5	832.90425	56.70339689576
19.416667	43.583333	659.83913	37.4575146477
19.416667	43.666667	820.54225	65.3381811361
19.416667	43.75	672.72457	46.8238875829
19.416667	43.833333	1065.0772	92.42477836633
19.416667	43.916667	1051.3815	90.1052469592
19.416667	44	734.08203	53.6643380773
19.416667	44.083333	671.62547	53.95967455932
19.416667	44.166667	291.85861	17.97920804307
19.416667	44.25	457.34949	43.09222540417
19.416667	44.333333	533.79858	45.87651631294
19.416667	44.416667	300.83402	33.05487932916
19.416667	44.5	168.42733	15.44591443636
19.416667	44.583333	271.90438	32.06705108223
19.416667	44.666667	186.70837	27.33569303146
19.416667	44.75	70.959491	15.17458451445
19.416667	44.833333	94.285723	17.50868404269
19.416667	44.916667	88.049728	22.19002928872
19.416667	45	57.337852	13.69421066393
19.5	40.25	643.50352	26.27590024797
19.5	40.333333	364.47624	29.93455847999
19.5	40.416667	207.17309	13.33360842768
19.5	40.5	63.471016	-27.78203668861
19.5	40.583333	9.4495398	-41.7131268394
19.5	40.666667	49.274977	-41.21616810728
19.5	40.75	15.941151	-55.25588300692
19.5	40.833333	28.488787	-63.23691712229
19.5	41	27.347982	-67.62594845018
19.5	41.083333	12.070653	-78.03932231258
19.5	41.166667	16.590481	-78.91945267069
19.5	41.333333	17.18825	-33.56346340926
19.5	41.416667	0	-30.54651472656
19.5	41.916667	62.912065	-57.31007227858
19.5	42	54.450932	-59.06199399313
19.5	42.083333	0	-70.62439979233
19.5	42.166667	170.30052	-61.41953043759
19.5	42.25	366.93515	-44.21033249429
19.5	42.333333	657.58228	-9.47870593091
19.5	42.416667	911.84375	10.79059973232
19.5	42.5	1328.576	53.27163906212
19.5	42.583333	1546.2395	70.31144046028
19.5	42.666667	1259.507	43.99700218851
19.5	42.75	1097.2751	29.06202408273
19.5	42.833333	1188.5011	44.48566024813
19.5	42.916667	1383.5055	73.04159460659
19.5	43	1277.9675	71.45444731993
19.5	43.083333	1390.9245	96.28265915325
19.5	43.166667	1251.1126	96.01047227434
19.5	43.25	1204.9705	95.15106641409
19.5	43.333333	1269.5649	105.2626495992
19.5	43.416667	1188.1283	101.2816419873
19.5	43.5	941.25462	70.08797570229
19.5	43.583333	650.17239	38.28749040959
19.5	43.666667	748.19926	52.86880763382
19.5	43.75	726.80805	54.73981011246
19.5	43.833333	1080.2519	95.25729547342
19.5	43.916667	869.25003	79.9947623797
19.5	44	490.87566	32.58549851815
19.5	44.083333	572.36486	48.11268567639
19.5	44.166667	471.13214	42.29951230457
19.5	44.25	654.11807	59.9426244893
19.5	44.333333	385.20728	33.03342083711
19.5	44.416667	211.06135	21.35253370241
19.5	44.5	251.47867	24.09980265661
19.5	44.583333	320.1295	35.58911260733
19.5	44.666667	180.46187	22.45370867122
19.5	44.75	58.196062	13.63457730914
19.5	44.833333	83.604207	23.33762648465
19.5	44.916667	66.612835	21.21387491609
19.5	45	79.653778	10.6431346202
19.583333	40.25	1015.1377	50.02013638169
19.583333	40.333333	530.56251	38.76106759826
19.583333	40.416667	339.40017	16.79706613089
19.583333	40.5	96.954386	-17.68297684297
19.583333	40.583333	45.909739	-31.57733247594
19.583333	40.666667	108.58404	-37.05815450044
19.583333	40.75	16.589552	-60.80451456612
19.583333	40.833333	0	-69.40899386176
19.583333	40.916667	0	-73.86797720983
19.583333	41	19.281997	-73.79757151291
19.583333	41.083333	19.157392	-77.62497366794
19.583333	41.166667	52.839014	-73.05919941683
19.583333	41.25	105.77478	-75.84511857868
19.583333	41.333333	94.629862	-36.60598468702
19.583333	41.416667	57.980199	-24.01866621593
19.583333	41.5	99.470332	-45.15934671065
19.583333	41.583333	32.89617	-64.0165650367
19.583333	41.666667	2.1398062	-59.09341299155
19.583333	41.75	0	-70.96530103095
19.583333	41.833333	81.240664	-67.29867017867
19.583333	41.916667	28.609834	-62.43996824757
19.583333	42	69.45896	-60.40966693917
19.583333	42.083333	53.794643	-63.56686060478
19.583333	42.166667	390.49626	-45.83533060476
19.583333	42.25	858.70083	-7.483307613043
19.583333	42.333333	1362.3727	49.07013524704
19.583333	42.416667	1133.1366	25.0882568972
19.583333	42.5	1217.0606	35.33693030722
19.583333	42.583333	1733.921	95.99003490699
19.583333	42.666667	1596.074	84.51983347655
19.583333	42.75	1386.9842	63.75790237314
19.583333	42.833333	1363.3838	74.47774268279
19.583333	42.916667	1207.2161	58.73438628985
19.583333	43	1023.5517	46.09712167429
19.583333	43.083333	1274.3242	91.89356910895
19.583333	43.166667	1178.3843	84.36406029979
19.583333	43.25	1217.9704	90.99736050953
19.583333	43.333333	925.67564	66.45174455731
19.583333	43.416667	840.89335	55.00743997047
19.583333	43.5	902.2292	63.07815798028
19.583333	43.583333	752.08491	52.5910603951
19.583333	43.666667	985.11006	75.99062246566
19.583333	43.75	888.39514	76.14504330924
19.583333	43.833333	925.14869	79.54524192666
19.583333	43.916667	661.51663	56.07470775217
19.583333	44	315.24519	15.68623280068
19.583333	44.083333	618.90085	58.0243971493
19.583333	44.166667	831.8019	81.45308458332
19.583333	44.25	732.59917	68.69924937671
19.583333	44.333333	289.78763	24.08065308046
19.583333	44.416667	282.9833	27.79517451348
19.583333	44.5	264.30673	32.26880691667
19.583333	44.583333	213.60517	31.09232243634
19.583333	44.666667	122.33082	22.16877233998
19.583333	44.75	75.135392	20.98790686009
19.583333	44.833333	87.989562	21.73207847775
19.583333	44.916667	67.866737	19.86493436394
19.583333	45	85.322496	15.49485363448
19.666667	39.75	10.585781	23.05670669376
19.666667	40.166667	702.67255	25.52797158213
19.666667	40.25	654.41592	33.1750309412
19.666667	40.333333	378.59082	18.6056152792
19.666667	40.416667	239.73095	5.125507396997
19.666667	40.5	153.80155	-3.029480550509
19.666667	40.583333	248.82837	-6.493264394791
19.666667	40.666667	158.47101	-26.49128891044
19.666667	40.75	0	-58.27062818184
19.666667	40.833333	29.042665	-65.33282038408
19.666667	40.916667	41.392978	-71.68908672277
19.666667	41	22.614755	-79.31205443494
19.666667	41.083333	89.001032	-79.10714997408
19.666667	41.166667	197.73701	-65.49122357598
19.666667	41.25	147.24713	-67.27540356746
19.666667	41.333333	113.69013	-55.4061016981
19.666667	41.416667	82.766531	-62.54989095353
19.666667	41.5	12.784717	-79.97447416539
19.666667	41.583333	0	-75.49200173873
19.666667	41.666667	26.416515	-49.25765066766
19.666667	41.75	72.872104	-57.04825902448
19.666667	41.833333	244.27101	-49.9416264141
19.666667	41.916667	74.727529	-60.63243595449
19.666667	42	130.01643	-56.14648017662
19.666667	42.083333	368.35535	-43.41361508153
19.666667	42.166667	724.0076	-19.1694786178
19.666667	42.25	962.82106	-0.870003579756
19.666667	42.333333	1475.7432	49.46064493492
19.666667	42.416667	1531.4207	50.72424860195
19.666667	42.5	1284.6932	33.9109076716
19.666667	42.583333	1464.9719	72.40545939222
19.666667	42.666667	1612.1344	85.06330878575
19.666667	42.75	1465.0549	79.36124397236
19.666667	42.833333	1760.8832	117.6635247102
19.666667	42.916667	1533.4397	97.32218389047
19.666667	43	866.24793	31.9615766843
19.666667	43.083333	1020.2614	60.83203243943
19.666667	43.166667	939.07134	52.36429775319
19.666667	43.25	916.00097	59.91978227158
19.666667	43.333333	661.06895	31.82317089045
19.666667	43.416667	722.53805	42.7305441546
19.666667	43.5	802.72921	53.35700200426
19.666667	43.583333	896.67896	71.12401429872
19.666667	43.666667	1162.8416	100.5157853438
19.666667	43.75	925.59292	83.69186503714
19.666667	43.833333	791.74237	66.40887541867
19.666667	43.916667	703.04943	57.71443766314
19.666667	44	479.5066	35.13709616687
19.666667	44.083333	810.22348	77.74590311467
19.666667	44.166667	972.42604	97.29265880587
19.666667	44.25	547.20531	55.58717516312
19.666667	44.333333	308.70709	27.61134728608
19.666667	44.416667	341.0844	37.33309973128
19.666667	44.5	176.56247	24.53603162458
19.666667	44.583333	141.16643	22.61099896028
19.666667	44.666667	112.66813	26.25589137892
19.666667	44.75	90.4245	28.2413420333
19.666667	44.833333	79.352537	18.06057821039
19.666667	44.916667	80.323497	21.0069827407
19.666667	45	69.356363	15.42000135935
19.75	39.666667	110.50015	23.35503181072
19.75	39.75	210.7879	35.55655197189
19.75	40.083333	143.73279	-3.974566228493
19.75	40.166667	526.55606	13.51362338085
19.75	40.25	609.18469	35.57741876712
19.75	40.333333	908.45585	54.62425776859
19.75	40.416667	358.1524	10.6957089276
19.75	40.5	134.43222	-11.83320632467
19.75	40.583333	288.64895	-1.638418278382
19.75	40.666667	247.9026	-14.73752802248
19.75	40.75	63.879721	-51.3776800684
19.75	40.833333	10.317219	-68.50776300453
19.75	40.916667	82.275762	-73.16021509638
19.75	41	62.372651	-77.03413921458
19.75	41.083333	162.09583	-70.88740828518
19.75	41.166667	311.39887	-56.28900408432
19.75	41.25	184.45757	-56.66943604332
19.75	41.333333	141.5874	-56.19615932719
19.75	41.416667	35.474554	-73.79588063632
19.75	41.5	187.19193	-53.37116885329
19.75	41.583333	353.77757	-30.8144146393
19.75	41.666667	293.09128	-40.07868504274
19.75	41.75	277.21633	-39.59120106867
19.75	41.833333	409.9336	-26.42506392618
19.75	41.916667	285.82473	-38.42583271911
19.75	42	366.80511	-26.64673772781
19.75	42.083333	597.1827	-25.10962100537
19.75	42.166667	898.48616	-5.849358629284
19.75	42.25	828.62851	-17.7358242194
19.75	42.333333	1088.6946	7.21531894623
19.75	42.416667	1729.3523	73.51612464177
19.75	42.5	1726.8779	86.32744932484
19.75	42.583333	1450.3691	68.06812953251
19.75	42.666667	1521.09	75.90675889482
19.75	42.75	1204.8756	66.23626938218
19.75	42.833333	1558.2866	103.2149052666
19.75	42.916667	1505.1989	102.8333847161
19.75	43	732.13464	25.36892957874
19.75	43.083333	772.20994	32.97136066447
19.75	43.166667	850.64669	44.34572844243
19.75	43.25	993.84975	68.03980164065
19.75	43.333333	1061.7006	72.13045624681
19.75	43.416667	1135.0641	92.01384723276
19.75	43.5	964.91099	73.12573331397
19.75	43.583333	1083.5584	89.10064377616
19.75	43.666667	1065.6126	92.60411102048
19.75	43.75	813.64322	66.10962962714
19.75	43.833333	704.57264	59.97028651272
19.75	43.916667	781.63627	73.73136011122
19.75	44	673.37955	62.84770951641
19.75	44.083333	840.10552	81.72708480476
19.75	44.166667	848.2305	86.09270847231
19.75	44.25	377.01648	38.67387894623
19.75	44.333333	397.23652	39.32938417499
19.75	44.416667	320.18582	39.98912082537
19.75	44.5	173.63073	22.6591654874
19.75	44.583333	171.9736	27.47367284517
19.75	44.666667	105.36999	27.78043691247
19.75	44.75	80.635479	30.33001694224
19.75	44.833333	56.238758	18.83407676679
19.75	44.916667	88.652523	22.94143054566
19.75	45	80.3604	11.24109337525
19.833333	39.583333	90.505778	-2.021177524902
19.833333	39.666667	153.27901	26.64443781306
19.833333	39.75	294.96008	23.92886728639
19.833333	40.083333	390.28992	1.392068045192
19.833333	40.166667	745.83355	44.04947174024
19.833333	40.25	1140.7323	78.97395464163
19.833333	40.333333	1193.1077	67.66068649959
19.833333	40.416667	296.92672	-6.06317242422
19.833333	40.5	290.51919	-3.020793601394
19.833333	40.583333	463.44063	18.22454796567
19.833333	40.666667	503.59435	7.869376493019
19.833333	40.75	212.5926	-36.13211420639
19.833333	40.833333	0	-60.37181265466
19.833333	40.916667	99.836702	-55.13899157545
19.833333	41	161.34796	-59.68372908463
19.833333	41.083333	267.80954	-53.56862093873
19.833333	41.166667	379.02887	-44.51974183564
19.833333	41.25	191.32525	-63.36407284344
19.833333	41.333333	215.75274	-59.90952597354
19.833333	41.416667	177.4159	-55.69271637231
19.833333	41.5	691.46871	8.293058106545
19.833333	41.583333	938.58464	28.4154393654
19.833333	41.666667	436.083	-30.50225002834
19.833333	41.75	315.89571	-35.12417410914
19.833333	41.833333	318.7212	-25.85712918215
19.833333	41.916667	540.82862	-1.685112105498
19.833333	42	737.25508	15.35382309132
19.833333	42.083333	522.67487	-28.13965965416
19.833333	42.166667	652.29505	-27.32914763666
19.833333	42.25	801.3394	-24.56216804347
19.833333	42.333333	1165.3312	10.42220282148
19.833333	42.416667	1690.957	73.83652378721
19.833333	42.5	1728.3527	102.7799531487
19.833333	42.583333	1352.1683	72.27336313971
19.833333	42.666667	1317.8462	60.62208124114
19.833333	42.75	978.4678	42.38116241382
19.833333	42.833333	890.67662	32.2137957621
19.833333	42.916667	898.88631	47.47173906328
19.833333	43	755.32818	29.30226969369
19.833333	43.083333	848.13347	44.2171758138
19.833333	43.166667	1101.9344	71.7144213878
19.833333	43.25	1351.188	101.8937914536
19.833333	43.333333	1356.4174	103.6487672557
19.833333	43.416667	1264.9945	103.8224149855
19.833333	43.5	1043.2148	81.69346260409
19.833333	43.583333	1128.7651	95.50669236127
19.833333	43.666667	915.91845	75.75312122619
19.833333	43.75	791.13573	62.16119234121
19.833333	43.833333	636.36817	52.08051752295
19.833333	43.916667	690.62216	62.30227489858
19.833333	44	637.17153	59.06305674355
19.833333	44.083333	697.98102	68.1200671
19.833333	44.166667	697.94831	69.27550798999
19.833333	44.25	304.27335	30.76840169971
19.833333	44.333333	362.44754	40.95501589685
19.833333	44.416667	220.45145	33.30658774203
19.833333	44.5	199.14454	31.06219589419
19.833333	44.583333	157.73391	36.17885364662
19.833333	44.666667	84.133416	27.28570979684
19.833333	44.75	92.794528	32.7260020331
19.833333	44.833333	69.12654	19.72026193329
19.833333	44.916667	92.653639	22.06354278655
19.833333	45	90.166982	14.10104704327
19.916667	39.5	76.021528	24.60619110813
19.916667	39.75	173.56815	-7.720623774077
19.916667	39.916667	78.14812	-11.43767246052
19.916667	40	212.89777	-25.64266977476
19.916667	40.083333	799.55255	33.99884769379
19.916667	40.166667	1147.6999	73.65071606547
19.916667	40.25	1164.1486	75.22661680621
19.916667	40.333333	532.00087	11.04471114441
19.916667	40.416667	160.92291	-30.20801821823
19.916667	40.5	732.83404	31.99012030599
19.916667	40.583333	649.03284	24.59215280606
19.916667	40.666667	427.5418	-4.143685767311
19.916667	40.75	131.09752	-35.8469390692
19.916667	40.833333	95.919968	-44.39957079843
19.916667	40.916667	156.6676	-42.70079277955
19.916667	41	133.82627	-62.00310186717
19.916667	41.083333	237.24055	-59.22286315805
19.916667	41.166667	471.05873	-28.95247588803
19.916667	41.25	302.58327	-44.47187793755
19.916667	41.333333	457.13283	-27.79144436698
19.916667	41.416667	650.91855	-0.6848280255767
19.916667	41.5	954.14823	37.2179844419
19.916667	41.583333	837.15956	29.95562955537
19.916667	41.666667	183.85004	-46.12846043202
19.916667	41.75	252.84838	-34.06673566708
19.916667	41.833333	220.07957	-31.51321525401
19.916667	41.916667	731.9398	28.58312538745
19.916667	42	970.08727	38.06586606387
19.916667	42.083333	574.47871	-11.82389453493
19.916667	42.166667	585.17613	-19.71832114744
19.916667	42.25	734.09945	-25.42910268843
19.916667	42.333333	1426.7498	33.3674050454
19.916667	42.416667	1678.9501	55.64163997249
19.916667	42.5	1496.1514	81.95984419181
19.916667	42.583333	1283.2147	82.27232389544
19.916667	42.666667	1338.1254	65.07727862228
19.916667	42.75	1357.9708	78.71252379825
19.916667	42.833333	942.60614	40.92394708053
19.916667	42.916667	770.87177	32.2658405647
19.916667	43	1088.722	64.12779645668
19.916667	43.083333	1163.3823	81.77199273067
19.916667	43.166667	1344.4342	97.5270355644
19.916667	43.25	1322.7759	102.4063834373
19.916667	43.333333	1131.9085	90.07312650837
19.916667	43.416667	1083.8141	85.23246565275
19.916667	43.5	1071.1198	86.74437082696
19.916667	43.583333	1066.3165	92.6683216008
19.916667	43.666667	808.52514	62.99365101903
19.916667	43.75	731.50783	63.03069255083
19.916667	43.833333	486.05727	36.13488139482
19.916667	43.916667	517.39079	42.02396379913
19.916667	44	542.63591	50.49767580445
19.916667	44.083333	657.32699	69.42952957107
19.916667	44.166667	625.16429	66.49302032855
19.916667	44.25	217.23268	24.68928392894
19.916667	44.333333	254.80472	34.55085445996
19.916667	44.416667	156.72719	25.92005666227
19.916667	44.5	157.70342	29.20957832053
19.916667	44.583333	107.15049	29.74306182608
19.916667	44.666667	103.04773	27.60964846296
19.916667	44.75	88.642037	36.06238590752
19.916667	44.833333	73.59838	18.95952117579
19.916667	44.916667	85.086602	20.08302780627
19.916667	45	81.829561	19.93580928303
